Subj,Date,Time,Experimenter,Room,Condition,res1_race,res1_name,res1_ver,res1_mancheck,res1_Q1,res1_Q2,res1_Q3,res1_Q4,res1_Q5,res1_Q6,res1_Q7,res1_Q8,res1_Q9,res1_Q10,res1_Q11,res1_Q12,res1_Q13,res2_ver,res2_race,res2_name,res2_mancheck,res2_Q1,res2_Q2,res2_Q3,res2_Q4,res2_Q5,res2_Q6,res2_Q7,res2_Q8,res2_Q9,res2_Q10,res2_Q11,res2_Q12,res2_Q13,hired,hired_race,res1racecheck,res1gendercheck,res2racecheck,res2gendercheck,p_gender1,p_gender1a,p_gender2,p_race_af,p_race_aa,p_race_ha,p_race_an,p_race_pi,p_race_mea,p_race_w,p_race_o,p_race_oa,p_us,p_uslength,Comments,Data Entry Analyst,Date Data Entered,Data Check,Notes
1,2/20/18,11:10,Avery ,F,C,AF,1,A,1,4,5,4,4,4,4,4,4,4,4,4,4,4,B,AA,3,1,4,5,5,4,4,5,4,3,2,4,3,3,4,1,AF,7,7,2,2,1,0,2,0,1,0,0,0,0,0,0,0,2,4,,Prachi,2/23/18,Maddie,
2,2/20/18,11:10,Avery,E,S,AF,3,A,1,6,6,6,7,6,5,7,7,7,6,6,6,3,B,AA,4,1,6,6,7,7,6,6,6,5,5,6,6,4,4,1,AF,1,1,2,2,2,0,2,0,0,0,0,0,0,1,0,0,1,18,,Prachi,2/23/18,Maddie,
3,2/20/18,11:10,Avery,D,A,AF,4,B,1,6,7,6,6,6,6,4,5,5,6,6,4,3,A,AA,1,1,5,6,6,6,5,6,3,4,3,5,5,3,4,1,AF,1,1,2,2,2,0,2,0,0,0,0,0,0,1,0,0,1,19,Participant run in wrong study.,Prachi,2/23/18,Maddie,
4,2/20/18,11:10,Avery,C,A,AF,2,B,1,5,6,5,5,7,7,6,6,6,4,4,4,4,A,AA,4,1,5,6,5,5,7,7,6,6,6,4,4,4,4,1,AF,1,1,2,2,2,0,2,0,0,0,0,0,0,1,0,0,1,18,,Prachi,2/23/18,Maddie,
5,2/20/18,15:10,Avery,F,A,AA,3,B,1,3,4,3,3,4,4,3,1,2,4,4,4,4,A,AF,2,1,3.5,5,4,4,4,5,5,5,5,4,4,4,4,2,AF,2,2,1,1,1,0,2,0,0,0,0,0,0,1,0,0,1,18,,Prachi,2/23/18,Maddie,
6,2/20/18,15:10,Avery,E,S,AF,4,A,1,7,7,7,7,7,7,6,6,6,4,4,4,4,B,AA,3,1,7,7,7,7,7,7,4,6,3,4,4,4,4,1,AF,1,1,2,2,2,0,2,0,0,0,0,0,0,1,0,0,1,20,Made a comment that they liked my name when typed in qualtrics,Prachi,2/23/18,Maddie,
7,2/20/18,15:40,Avery ,D,C,AA,3,B,1,5,7,5,6,7,5,6,5,5,6,6,4,4,A,AF,3,1,5,7,6,5,6,5,6,6,6,6,6,4,4,2,AF,2,2,1,1,1,0,2,0,0,0,0,0,0,1,0,0,1,19,,Prachi,2/23/18,Maddie,
8,2/20/18,16:10,Avery,C,C,AF,4,A,1,7,7,7,5,6,7,6,6,6,5,6,4,6,B,AA,1,1,7,7,7,7,6,6,6,3,4,5,6,4,4,2,AA,1,1,2,2,2,0,2,0,0,0,0,0,0,1,0,0,1,19,Participant sat in main room during intro. I sat w/ them.,Prachi,2/23/18,Maddie,
9,2/20/18,16:40,Avery,F,A,AA,4,B,1,5,6,3,4,7,6,4,3,3,4,4,4,4,A,AF,3,1,6,7,6,6,6,5,6,6,6,5,5,4,4,2,AF,2,2,1,1,1,0,2,0,0,0,0,0,0,1,0,0,1,18,,Prachi,2/23/18,Maddie,
10,2/20/18,16:40,Avery,E,S,AA,3,B,1,6,6,6,6,7,6,7,7,7,6,5,4,4,A,AF,3,1,6,6,6,6,7,6,7,7,7,6,5,4,4,1,AA,2,2,1,1,2,0,2,0,0,0,0,0,0,1,0,0,1,19,,Prachi,2/23/18,Maddie,
11,2/20/18,16:40,Avery,D,C,AA,3,B,1,7,7,7,7,7,7,7,2,3,5,5,5,4,A,AF,1,1,7,7,7,7,7,7,6,2,7,6,6,3,5,2,AF,2,2,1,1,2,0,2,0,0,0,0,0,0,1,0,0,1,19,,Prachi,2/23/18,Maddie,
12,2/20/18,17:10,Avery,F,A,AF,4,A,1,3,4,5,5,7,7,5,7,6,3,3,3,3,B,AA,4,1,3,4,5,5,7,6,5,7,3,3,3,3,3,2,AA,1,1,2,2,2,0,2,0,0,0,0,0,0,1,0,0,1,20,,Prachi,2/23/18,Maddie,Incorrect Packet. Should be condition S instead of condition A.; Randomization error (condition)
13,2/20/18,17:10,Avery,E,A,AA,4,A,1,4,7,6,6,6,6,6,6,6,6,6,4,4,B,AF,1,1,4,7,6,6,6,6,6,6,6,6,6,4,4,2,AF,2,2,1,1,2,0,2,0,0,0,0,0,0,1,0,0,1,18,,Prachi,2/23/18,Maddie,
14,2/20/18,17:40,Avery,D,C,AF,4,A,1,5,7,6,7,6,6,5,5,5,5,4,5,3,B,AA,4,1,7,7,6,7,7,6,6,4,4,6,6,5,3,2,AA,1,1,2,2,1,0,2,0,0,0,0,0,0,1,0,0,1,19,,Prachi,2/23/18,Maddie,
15,2/20/18,17:40,Avery,F,C,AF,3,A,1,6,7,7,6,7,6,6,6,7,5,5,6,4,B,AA,2,1,6,7,7,6,7,6,6,6,6,5,6,5,4,1,AF,1,1,2,2,1,0,2,0,0,0,0,0,0,1,0,0,1,19,Participant seemed stoned - sat in main room during intro.,Prachi,2/23/18,Maddie,
16,2/26/18,10:00,Emily,F,A,AF,2,B,1,7,7,7,7,7,7,7,4,4,4,4,4,4,A,AA,2,1,7,7,7,7,7,7,4,3,4,4,4,4,4,2,AA,1,1,2,2,2,0,2,0,0,0,0,0,0,1,0,0,1,21,,Maddie,3/12/18,Prachi,
17,2/26/18,10:35,Emily,F,A,AF,3,A,1,5,5,4,4,6,6,6,6,6,5,5,5,4,B,AA,4,1,4,4,4,5,6,5,4,2,2,5,5,5,4,1,AF,1,1,2,2,1,0,2,0,0,0,0,0,0,1,0,0,1,18,,Maddie,3/12/18,Prachi,
18,2/26/18,10:35,Emily,E,S,AF,2,B,1,5,7,5,5,5,6,7,7,7,7,7,5,2,A,AA,1,1,6,7,6,6,6,6,7,3,3,7,7,3,3,2,AA,1,1,2,2,1,0,2,0,0,0,0,0,0,1,0,0,1,18,,Maddie,3/12/18,Prachi,
19,2/26/18,11:45,Emily,F,A,AF,4,A,1,3,4,4,4,4,5,5,4,4,5,5,4,4,B,AA,4,1,5,5,4,4,4,5,5,3,4,5,5,4,4,2,AA,3,3,2,2,2,0,2,0,0,0,0,0,0,1,0,0,1,19,,Maddie,3/12/18,Prachi,
20,2/26/18,12:55,Emily,F,C,AF,4,B,1,5,6,5,7,7,6,7,7,7,7,7,7,2,A,AA,1,1,5,6,5,7,7,7,6,5,5,7,7,6,2,1,AF,1,1,2,2,2,0,2,0,0,0,0,0,0,1,0,0,1,16,"Someone made a loud laughing noise during intro, it distracted the participant",Maddie,3/12/18,Prachi,
21,2/26/18,13:30,Maddie,E,C,AF,3,B,1,5,6,5,5,5,5,7,6,6,5,5,4,4,A,AA,4,1,5,6,6,5,5,6,5,4,4,5,5,4,4,1,AF,1,1,2,2,2,0,2,0,0,0,0,0,0,1,0,0,1,19,"Appeared familiar with one another, possibly friends",Maddie,3/12/18,Prachi,
22,2/26/18,13:30,Maddie,F,A,AF,2,A,1,6,7,7,7,7,7,7,7,7,6,6,5,3,B,AA,3,1,5,7,6,7,7,7,6,4,4,6,6,5,3,1,AF,1,1,2,2,2,0,2,0,0,0,0,0,0,1,0,0,1,18,"Appeared familiar with one another, possibly friends",Maddie,3/12/18,Prachi,
23,2/26/18,14:40,Avery,F,C,AA,4,A,1,6,7,7,7,5,5,7,4,4,5,5,4,4,B,AF,4,1,6,7,7,7,5,5,7,7,7,5,5,4,4,2,AF,2,2,7,7,1,0,2,0,0,0,0,0,0,1,0,0,1,19,,Maddie,3/12/18,Prachi,
24,2/26/18,14:40,Avery,E,C,AF,1,B,1,6,7,7,6,7,6,7,7,7,6,6,3,4,A,AA,2,1,6,5,6,6,6,6,5,4,4,7,6,2,5,1,AF,7,7,2,2,2,0,2,0,0,0,0,0,1,1,0,0,2,3,Had a lot of comments after the debrief that I typed out,Maddie,3/12/18,Prachi,
25,2/26/18,14:40,Avery,D,A,AA,2,A,1,5,6,7,6,6,6,3,5,3,5,5,1,1,B,AF,1,1,5,6,7,6,6,5,5,5,5,5,5,1,1,2,AF,2,2,1,1,2,0,2,0,0,0,0,0,0,1,0,0,1,18,,Maddie,3/12/18,Prachi,
26,2/26/18,15:10,Avery,C,C,AF,2,A,1,5,7,6,6,6,6,6,5,5,5,5,4,4,B,AA,3,1,5,7,6,6,6,6,5,4,4,5,5,4,4,1,AF,1,1,2,2,1,0,2,0,0,0,0,0,0,1,0,0,1,18,,Maddie,3/12/18,Prachi,
27,2/26/18,15:40,Avery,F,A,AF,2,B,1,6,7,7,6,6,6,6,6,6,4,4,4,4,A,AA,1,1,5,7,5,5,6,6,5,4,4,4,4,4,4,1,AF,1,1,2,2,1,0,2,0,0,0,0,0,0,1,0,0,1,20,,Maddie,3/12/18,Prachi,
28,2/26/18,16:40,Avery,E,S,AF,4,A,1,5,7,6,6,7,6,7,4,4,4,4,4,4,B,AA,1,1,5,7,6,6,7,6,5,4,4,4,4,4,4,2,AA,1,1,2,2,1,0,2,0,0,0,0,0,0,1,0,0,1,20,,Maddie,3/12/18,Prachi,
29,2/26/18,17:10,Avery,D,S,AF,4,B,1,6,7,6,6,6,7,5,4,5,6,6,4,4,A,AA,4,1,5,7,5,5,6,6,3,3,2,5,6,5,3,1,AF,1,1,2,2,2,0,2,0,0,0,0,0,0,1,0,0,1,18,Participant noted that some responses were scribbled out,Maddie,3/12/18,Prachi,
30,2/27/18,10:30,Maddie,F,A,AF,1,B,1,7,7,7,7,7,7,7,7,7,6,6,4,4,A,AA,2,,6,7,6,5,7,6,6,4,5,5,6,6,3,1,AF,1,1,2,2,2,0,2,0,0,0,0,0,0,1,0,0,1,21,,Maddie,3/12/18,Prachi,
31,2/27/18,11:30,Maddie,E,C,AF,2,B,1,4,7,5,6,6,6,6,4,5,5,5,4,4,A,AA,2,1,4,7,6,6,6,5,5,4,5,6,6,4,4,1,AF,1,1,2,2,1,0,2,0,0,0,0,0,0,1,0,0,1,18,,Maddie,3/12/18,Prachi,
32,2/27/18,12:30,Maddie,F,S,AA,1,A,1,7,7,7,7,7,7,7,4,7,6,6,4,4,B,AF,1,1,7,7,7,7,7,7,7,6,7,6,6,4,4,2,AF,2,2,1,1,2,0,2,0,0,0,0,0,0,1,0,0,1,22,,Maddie,3/12/18,Prachi,
33,2/27/18,13:30,Maddie,F,C,AA,4,A,1,7,7,7,7,7,7,7,7,6,5,6,5,3,B,AF,3,1,7,7,7,7,7,7,7,7,7,7,5,6,3,1,AA,2,2,1,1,2,0,2,0,0,0,0,0,0,1,0,0,1,18,,Maddie,3/12/18,Prachi,
34,2/27/18,13:30,Maddie,E,S,AF,1,A,1,6,7,7,7,7,7,6,6,7,7,7,4,4,B,AA,3,1,6,7,7,7,7,7,4,4,4,6,6,4,4,1,AF,1,1,2,2,2,0,2,0,0,0,0,0,0,1,0,0,1,18,,Maddie,3/12/18,Prachi,
35,2/27/18,13:30,Maddie,D,S,AF,2,B,1,5,6,5,6,6,6,6,6,6,6,5,5,3,A,AA,2,1,6,6,6,5,,6,5,5,5,6,6,6,4,1,AF,1,1,2,2,2,0,2,0,0,0,0,0,0,1,0,0,1,19,,Maddie,3/12/18,Prachi,
36,2/27/18,14:00,Maddie,F,S,AA,4,A,1,5,7,6,6,5,6,5,5,5,6,6,6,2,B,AF,4,1,5,7,5,5,6,6,6,7,7,6,6,6,2,1,AA,2,2,1,1,2,0,2,0,0,0,0,0,0,1,0,0,1,19,,Maddie,3/12/18,Prachi,
37,2/27/18,14:00,Maddie,E,C,AA,1,B,1,6,6,6,6,6,7,6,6,5,5,5,5,4,A,AF,2,1,6,6,6,7,6,6,6,6,6,6,6,7,3,1,AA,2,2,1,1,2,0,2,0,0,0,0,0,0,1,0,0,2,12,,Maddie,3/12/18,Prachi,
38,2/27/18,15:10,Maddie,F,C,AF,3,B,1,6,6,6,6,6,6,6,6,6,4,4,4,4,A,AA,3,1,6,6,6,6,6,6,5,4,4,4,4,4,4,1,AF,1,1,2,2,1,0,2,0,0,0,0,0,1,0,0,0,1,18,"Chose closed door despite instructions- C, redirected to F",Maddie,3/12/18,Prachi,
39,2/27/18,15:10,Maddie,E,A,AA,4,B,1,7,7,7,6,7,7,6,5,5,7,7,7,7,A,AF,4,1,7,7,7,7,7,7,6,6,6,7,7,7,7,2,AF,2,2,1,1,2,0,2,0,0,0,0,0,0,1,0,0,1,20,,Maddie,3/12/18,Prachi,
40,2/27/18,15:10,Maddie,D,C,AA,2,B,1,5,6,5,6,5,5,4,2,3,5,5,6,2,A,AF,4,1,6,7,7,6,6,6,6,5,6,5,5,6,2,2,AF,2,,1,,1,0,2,0,0,0,0,0,0,1,0,0,1,19,,Maddie,3/12/18,Prachi,
41,2/27/18,16:40,Avery,F,C,AF,2,B,1,5,6,5,5,6,6,6,6,6,4,4,4,4,A,AA,1,1,5,6,5,5,5,5,5,5,3,4,4,4,4,1,AF,1,,2,,2,0,2,0,0,0,0,0,0,1,0,0,1,19,,Maddie,3/12/18,Prachi,
42,2/27/18,16:40,Avery,E,A,AA,1,B,,4,5,4,5,7,5,4,4,4,5,5,5,3,A,AF,1,,5,6,5,6,6,6,5,5,5,5,5,5,3,2,AF,2,,1,,2,0,2,0,0,0,0,0,0,1,0,0,1,19,,Maddie,3/12/18,Prachi,
43,2/27/18,16:40,Avery,D,A,AF,3,B,1,4,5,4,4,,6,4,5,7,6,6,4,5,A,AA,3,1,4,4,4,5,6,6,6,6,5,5,5,3,5,1,AF,1,,2,,2,0,2,0,0,0,0,0,0,1,0,0,1,18,Other participant opened door during debrief. Had to pause mid-sentence,Maddie,3/12/18,Prachi,
44,2/28/18,16:10,Phillip,F,S,AA,1,A,,5,6,6,6,7,7,4,2,4,7,7,4,4,B,AF,2,,6,6,6,6,7,7,7,7,7,7,7,4,4,2,AF,2,,1,,2,0,2,0,0,0,0,0,0,1,0,0,1,18,Participant asked for new pen; make sure pens have ink,Maddie,3/12/18,Prachi,
45,2/28/18,17:10,Phillip,E,S,AA,2,A,1,6,6,6,5,5,5,7,7,3,4,4,7,2,B,AF,3,1,5,6,5,5,5,5,6,6,6,6,6,4,4,2,AF,2,,1,,1,0,2,0,0,0,0,0,0,1,0,0,1,18,,Maddie,3/12/18,Prachi,
46,3/1/18,16:05,Phillip,F,S,AF,2,B,1,7,6,6,6,6,6,6,6,6,6,6,6,5,A,AA,4,1,6,6,7,6,6,6,6,7,7,5,5,5,6,2,AA,7,,2,,2,0,2,0,0,0,0,0,1,0,0,0,1,18,Participant identifies as Middle Eastern/Middle Eastern American,Maddie,3/12/18,Prachi,
47,3/1/18,16:35,Phillip,F,C,AA,2,B,1,6,7,7,7,7,7,6,3,6,7,7,5,3,A,AF,1,1,6,7,7,7,7,7,7,6,7,7,7,6,3,1,AA,2,,1,,2,0,2,0,0,0,0,0,0,1,0,0,1,19,,Maddie,3/12/18,Prachi,
48,3/1/18,16:35,Phillip,E,S,AF,1,A,1,5,7,4,4,4,6,6,5,6,5,4,4,4,B,AA,4,1,4,7,6,5,6,5,5,4,4,4,4,4,4,1,AF,1,,2,,2,0,2,0,0,0,0,0,0,1,0,0,1,18,,Maddie,3/12/18,Prachi,
49,3/1/18,17:05,Phillip,F,A,AF,3,B,1,6,6,6,6,6,6,6,3,6,6,6,4,4,A,AA,1,1,6,6,6,6,6,6,6,6,6,6,6,4,4,2,AA,1,,2,,1,0,3,0,0,0,0,0,0,1,0,0,1,26,,Maddie,3/12/18,Prachi,
50,3/1/18,17:05,Phillip,E,C,AA,1,A,1,5,6,4,5,6,5,5,4,4,6,6,5,2,B,AF,1,1,5,7,5,5,6,5,6,6,6,5,5,5,2,2,AF,2,,1,,1,0,2,0,0,0,0,0,0,1,0,0,1,19,,Maddie,3/12/18,Prachi,
51,3/1/18,17:35,Phillip,F,S,AF,2,A,1,6,7,6,6,6,6,6,6,6,6,6,5,3,B,AA,3,1,6,7,6,6,6,6,6,3,4,6,6,5,3,2,AA,1,,2,,1,0,2,0,0,0,0,0,0,1,0,0,1,19,,Maddie,3/12/18,Prachi,
52,3/1/18,17:35,Phillip,E,A,AF,2,B,1,4,5,3,4,5,6,5,6,6,4,4,4,4,A,AA,3,1,5,6,5,6,5,6,6,6,5,4,4,4,4,2,AA,7,,2,,1,0,2,0,0,0,0,0,0,1,0,0,2,18,,Maddie,3/12/18,Prachi,
53,3/2/18,16:05,Phillip,F,A,AA,3,B,1,4,5,3,2,6,6,5,4,5,6,6,5,3,A,AF,4,1,4,6,4,4,6,7,5,5,5,6,6,4,4,2,AF,2,,1,,2,0,2,0,0,0,0,0,0,1,0,0,1,21,,Maddie,3/12/18,Prachi,
54,3/2/18,16:35,Phillip,F,C,AA,1,B,1,4,4,4,4,7,4,4,4,4,4,4,4,4,A,AF,1,1,4,4,4,4,7,4,4,4,4,4,4,4,4,0,,2,,1,,1,0,2,0,0,0,0,0,0,1,0,0,1,18,,Maddie,3/12/18,Prachi,
55,3/2/18,16:35,Phillip,E,S,AA,3,A,1,5,6,5,6,6,6,4,3,2,5,5,5,2,B,AF,4,1,5,6,5,5,6,5,5,6,6,5,4,5,2,1,AA,2,,1,,1,0,2,0,0,0,0,0,0,1,0,0,1,19,Checked no to identifying as transgender but also crossed off the third option,Maddie,3/12/18,Prachi,
56,3/2/18,17:35,Phillip,D,A,AF,4,B,1,7,7,7,7,7,7,7,7,7,7,,6,6,A,AA,2,1,7,7,7,,7,7,7,6,6,7,7,6,6,1,AF,1,,2,,2,0,2,0,0,0,0,0,0,1,0,0,1,18,,Maddie,3/13/18,Prachi,
57,3/2/18,17:35,Phillip,E,A,AF,2,A,1,6,7,7,7,7,7,7,7,7,7,7,4,3,B,AA,2,1,6,7,7,7,7,7,7,7,7,7,7,4,3,1,AF,1,,2,,1,0,2,0,0,0,0,0,0,1,0,0,1,19,,Maddie,3/13/18,Prachi,
58,3/2/18,17:05,Phillip,F,C,AA,3,A,1,6,6,6,6,6,6,6,4,5,5,5,4,4,B,AF,3,1,6,6,6,6,6,6,5,5,5,5,5,5,5,2,AF,2,,1,,2,0,2,0,0,0,0,0,0,1,0,0,1,19,,Maddie,3/13/18,Prachi,
59,3/2/18,17:35,Phillip,F,S,AA,4,A,1,4,5,5,5,6,5,4,2,5,4,4,4,4,B,AF,2,1,5,6,5,5,7,6,5,5,6,4,4,4,4,2,AF,2,,1,,1,0,2,0,0,0,0,0,0,1,0,0,1,19,,Maddie,3/13/18,Prachi,
60,3/2/18,17:35,Phillip,C,A,AA,4,A,1,5,5,7,7,4,4,4,4,4,6,6,4,4,B,AF,4,1,5,5,4,5,5,4,6,6,6,6,6,6,3,1,AA,2,,1,,1,0,2,0,0,0,0,0,0,1,0,0,1,19,,Maddie,3/13/18,Prachi,
61,3/5/18,14:40,Avery,F,S,AA,2,B,,6,6,5,7,7,5,6,5,5,6,6,6,3,A,AF,1,,6,6,5,7,7,7,7,7,7,6,7,6,2,2,AF,2,,1,,1,0,2,0,0,0,0,0,0,1,0,0,1,18,,Maddie,3/13/18,Prachi,
62,3/5/18,14:40,Avery,E,S,AF,4,A,1,6,7,6,6,7,7,4,4,4,6,4,4,4,B,AA,2,1,6,7,6,6,6,6,4,4,4,4,4,4,4,2,AA,1,,2,,1,0,2,0,0,0,0,0,0,1,0,0,1,19,,Maddie,3/13/18,Prachi,
63,3/5/18,14:40,Avery,D,C,AF,3,B,1,6,7,5,5,4,5,7,7,7,7,7,5,3,A,AA,2,1,6,7,5,6,6,6,7,7,7,7,7,5,3,1,AF,1,,2,,2,0,2,0,0,0,0,0,0,1,0,0,1,19,,Maddie,3/13/18,Prachi,
64,3/5/18,14:40,Avery,C,S,AA,2,B,1,5,7,6,6,6,6,6,6,5,4,4,4,4,A,AF,4,1,5,7,6,6,6,6,6,6,6,4,4,4,4,2,AF,2,,1,,1,0,2,0,0,0,0,0,0,1,0,0,1,19,,Maddie,3/13/18,Prachi,
65,3/5/18,14:40,Avery,T,C,AF,4,B,1,6,7,7,7,6,7,7,7,7,7,7,6,2,A,AA,2,1,6,7,7,7,7,6,6,4,5,7,7,5,3,1,AF,1,,2,,1,0,2,0,0,0,0,0,0,1,0,0,1,18,Participant worked in cubical,Maddie,3/13/18,Prachi,
66,3/5/18,16:10,Avery,F,C,AF,2,A,1,5,5,4,4,6,6,6,7,7,5,4,4,4,A,AA,1,1,5,4,4,4,6,6,3,3,1,5,4,4,4,2,AA,7,,2,,1,0,2,0,0,0,0,0,0,1,0,0,1,19,Participant asked a lot of questions about debrief in beginning. I looked over packet and the last few pages weren't complete. I asked if they wanted to complete it and they took it back into their room after apologizing for missing those pages. I told them it was ok and then looked over it again when they finished. they then gave very long responses for their debrief.,Maddie,3/13/18,Prachi,"Incorrect packet. Both resumes were version A.; ERROR DISCARD: both resumes same, checking debrief to see if p. noticed, p. noticed, DO NOT INCLUDE"
67,3/5/18,16:40,Avery,E,S,AA,3,B,1,7,7,7,7,6,6,6,6,6,6,6,6,6,A,AF,1,1,7,7,7,7,6,6,6,6,6,6,6,6,6,1,AA,2,,1,,2,0,2,0,0,0,0,0,0,1,0,0,1,20,,Maddie,3/13/18,Prachi,
68,3/5/18,16:40,Avery,D,S,AF,4,B,1,5,7,5,6,5,6,6,6,6,6,6,5,3,A,AA,3,1,7,7,7,7,7,7,4,4,4,5,5,2,6,2,AA,1,,2,,2,0,2,0,0,0,0,0,0,1,0,0,1,18,,Maddie,3/13/18,Prachi,
69,3/5/18,17:10,Avery,F,A,AF,4,B,1,5,6,4,5,7,6,4,6,6,5,4,4,4,A,AA,3,1,5,6,4,5,6,6,4,4,4,5,4,4,4,1,AF,1,,2,,1,0,2,0,0,0,0,0,0,1,0,0,1,19,Barely read info statement at beginning,Maddie,3/13/18,Prachi,
70,3/6/18,15:40,Avery,F,A,AA,3,A,1,4,3,4,4,7,7,4,4,4,4,5,4,4,B,AF,1,1,4,5,5,5,7,6,4,4,4,4,4,4,4,2,AF,2,,1,,2,0,2,0,0,0,0,0,0,1,0,0,1,18,,Maddie,3/13/18,Prachi,
71,3/6/18,15:40,Avery,E,A,AA,3,A,1,1,2,4,4,7,7,4,4,4,4,4,4,4,B,AF,3,1,1,2,4,4,7,7,4,5,5,4,4,4,4,2,AF,2,,1,,1,0,2,0,0,0,0,0,0,1,0,0,1,27,,Maddie,3/13/18,Prachi,
72,3/7/18,16:10,Phillip,F,A,AA,1,A,1,4,6,6,6,6,6,6,4,3,4,4,4,5,B,AF,1,1,4,6,6,6,6,6,6,6,6,4,4,5,4,2,AF,2,,1,,2,0,2,0,0,0,0,0,0,1,0,0,1,25,,Maddie,3/13/18,Prachi,
73,3/7/18,16:40,Phillip,E,A,AA,1,A,1,5,7,7,5,6,6,4,4,4,4,4,4,4,B,AF,2,1,5,7,7,6,6,6,5,6,6,4,4,4,4,0,,2,,7,,1,0,2,0,0,0,0,0,0,1,0,0,1,19,,Maddie,3/13/18,Prachi,
74,3/7/18,16:40,Phillip,F,A,AA,4,B,1,5,7,4,5,6,6,5,3,4,6,6,5,5,A,AF,1,1,5,7,6,5,5,6,6,6,6,5,5,5,4,2,AF,2,,1,,1,0,2,0,0,0,0,0,0,1,0,0,1,19,,Maddie,3/13/18,Prachi,
75,3/7/18,17:10,Phillip,F,S,AA,3,B,1,5,7,7,7,7,7,4,6,6,4,4,4,4,A,AF,4,1,5,7,7,7,7,7,7,7,7,4,4,4,4,2,AF,2,,1,,1,0,2,0,0,0,0,0,0,1,0,0,1,20,,Maddie,3/13/18,Prachi,
76,3/7/18,17:10,Phillip,E,A,AA,2,A,1,3,5,4,4,5,4,3,4,3,5,5,4,3,B,AF,2,1,4,5,4,4,5,5,4,4,5,5,5,5,2,2,AF,2,,1,,1,0,2,0,0,0,0,0,1,1,0,0,1,19,Participant identifies as both white and Middle Eastern/Middle Eastern American,Maddie,3/13/18,Prachi,
77,3/8/18,16:05,Phillip,F,C,AF,3,A,1,5,6,5,6,5,6,6,6,6,5,5,6,2,B,AA,4,1,6,6,6,5,5,5,3,3,2,3,5,4,4,2,AA,1,,2,,2,0,2,0,0,0,0,0,0,1,0,0,1,19,,Maddie,3/13/18,Prachi,
78,3/8/18,16:05,Phillip,E,A,AA,2,B,1,5,5,5,6,7,6,5,4,4,6,6,5,3,A,AF,4,1,6,6,6,6,6,6,7,7,7,6,6,6,2,2,AF,2,,1,,1,0,2,0,0,0,0,0,0,1,0,0,1,19,,Maddie,3/13/18,Prachi,
79,3/9/18,16:05,Phillip,F,C,AF,1,A,1,5,7,5,6,5,7,4,4,6,5,4,4,4,B,AA,1,1,5,6,4,5,7,7,4,4,6,3,4,4,4,1,AF,1,,2,,1,0,2,0,0,0,0,0,0,1,0,0,1,19,,Maddie,3/13/18,Prachi,
80,3/9/18,16:35,Phillip,F,A,AA,2,B,1,6,7,6,6,7,6,5,6,4,6,6,5,5,A,AF,3,1,5,6,6,6,5,5,6,6,6,5,6,5,3,1,AA,2,,1,,1,0,2,0,0,0,0,0,0,1,0,0,1,19,,Maddie,3/13/18,Prachi,
81,4/2/18,9:00,Maddie,F,S,AF,1,A,1,3,3,2,3,3,4,5,5,5,4,4,4,4,B,AA,2,1,4,4,3,3,4,4,3,4,2,4,4,4,4,2,AA,1,,2,,2,0,2,0,0,0,0,0,0,1,0,0,1,18,Participant noted she was nervous at start & emailed me (Maddie) as I was late. Did not get debrief statement as there was none in the box and could not access on the computer. (Last minute sign-up),Maddie,4/3/18,Nadra,
82,4/2/18,9:30,Maddie,F,S,AA,4,A,1,5,7,5,6,6,6,7,5,7,6,6,4,4,B,AF,3,1,5,7,5,6,6,6,7,6,7,6,6,5,4,2,AF,2,,1,,2,0,2,0,0,0,0,0,0,1,0,0,1,19,,Maddie,4/3/18,Nadra,
83,4/2/18,10:30,Maddie,F,A,AA,1,A,1,5,7,6,6,7,6,6,5,5,6,6,6,4,B,AF,3,1,6,7,6,6,6,6,6,6,6,6,6,6,4,2,AF,2,,1,,2,0,2,0,0,0,0,0,0,1,0,0,1,20,"Very smiley, friendly- asked my name. 83 & 84 know each other as they were cuddling when I called for them in the lobby. 83 had their packet open when I opened the door following debrief with 84",Maddie,4/3/18,Nadra,
84,4/2/18,10:30,Maddie,E,S,AA,1,B,1,6,7,7,7,7,6,7,4,4,4,4,4,2,A,AF,2,1,6,7,7,7,7,6,7,7,7,4,4,4,2,2,AF,2,,1,,1,0,2,0,0,0,0,0,0,1,0,0,1,20,,Maddie,4/3/18,Nadra,
85,4/2/18,11:30,Maddie,F,C,AA,1,A,1,5,6,5,6,6,6,6,4,4,5,5,5,3,B,AF,3,1,6,6,6,6,5,6,6,6,6,5,5,5,3,2,AF,2,,1,,1,0,2,0,0,0,0,0,0,1,0,0,2,1,,Maddie,4/3/18,Nadra,
86,4/2/18,11:30,Maddie,E,A,AA,3,B,1,6,6,6,6,7,7,6,7,6,7,7,4,3,A,AF,3,1,6,6,6,6,7,7,6,7,6,7,7,5,3,2,AF,2,,1,,2,0,2,0,0,0,0,0,0,1,0,0,1,19,,Maddie,4/3/18,Nadra,
87,4/2/18,12:00,Maddie,F,C,AF,2,A,1,6,7,6,6,6,6,7,6,5,4,4,4,4,B,AA,4,1,6,7,6,6,6,6,7,5,5,4,4,4,4,2,AA,1,,2,,1,0,2,0,0,0,0,0,0,1,0,0,1,20,Participant hung their coat up and asked about turning off their personal computer at the start- was buckling backpack during first part of intro,Maddie,4/3/18,Nadra,
88,4/2/18,14:35,Maddie,F,S,AA,1,B,1,7,7,7,7,7,7,7,7,7,7,7,3,3,A,AF,4,1,7,7,7,6,7,7,7,7,7,7,7,4,4,1,AA,2,,1,,2,0,2,0,0,0,0,0,0,1,0,0,2,16,"Did not complete the last 3 pages- I noticed after debrief, asked if they wanted to complete it- so they took it back, took 15min to complete the final 3 pages. Had a lot of question post-debrief about how to become a researcher and RA in psych labs.",Maddie,4/3/18,Nadra,
89,4/2/18,14:30,Maddie,E,S,AA,1,A,1,7,7,6,7,6,6,5,4,5,6,6,4,4,B,AF,3,1,7,7,7,7,7,7,7,7,7,7,7,7,3,2,AF,2,,1,,2,0,2,0,0,0,0,0,0,1,0,0,1,19,"Brought participants in at 2:30, 5min before the scheduled start- did intro for 88 while 89,90,91 completed the study.",Maddie,4/3/18,Nadra,Incorrect packet. Resumes were switched/in the wrong order; Randomization ERROR (counterbalancing)
90,4/2/18,14:30,Maddie,D,C,AA,4,B,1,6,7,5,6,7,6,6,4,4,5,4,4,4,A,AF,1,,5,6,5,5,6,6,5,5,5,5,4,4,4,1,AA,2,,1,,1,0,2,0,0,0,0,0,0,1,0,0,2,0.5,"Brought participants in at 2:30, 5min before the scheduled start- did intro for 88 while 89,90,91 completed the study.",Maddie,4/3/18,Nadra,
91,4/2/18,14:30,Maddie,C,S,AA,2,B,1,6,7,5,6,5,5,5,4,4,4,4,4,4,A,AF,3,1,6,7,6,6,5,5,5,4,4,4,4,4,4,1,AA,2,1,1,1,1,0,2,0,0,0,0,0,0,1,0,0,1,20,"Brought participants in at 2:30, 5min before the scheduled start- did intro for 88 while 89,90,91 completed the study.",Maddie,4/3/18,Nadra,
92,4/2/18,15:35,Maddie,F,A,AF,2,A,1,4,5,4,6,5,4,5,7,7,5,6,3,6,B,AA,1,1,3,4,4,5,6,5,4,5,3,5,4,5,4,1,AF,1,1,2,2,1,0,2,0,0,0,0,0,0,1,0,0,1,19,,Maddie,4/3/18,Nadra,
93,4/2/18,15:35,Maddie,E,S,AA,1,B,1,5,7,5,4,3,6,5,5,5,4,4,4,4,A,AF,3,1,5,7,5,4,3,6,6,6,6,4,4,4,4,2,AF,2,1,1,1,1,0,2,0,0,0,0,0,0,1,0,0,1,28,,Maddie,4/3/18,Nadra,
94,4/2/18,17:05,Maddie,F,A,AA,4,A,1,6,6,6,6,7,6,6,3,3,6,6,4,4,B,AF,3,1,6,6,6,6,7,6,7,7,7,6,6,4,4,0,,7,1,7,2,2,0,2,0,0,0,0,0,0,1,0,0,2,5,"Emotionally exasperated during debrief over lack of clarity. Asked questions about study hypothesis post-debrief, directed to info sheet.",Maddie,4/3/18,Nadra,
95,4/3/18,10:00,Maddie,F,S,AA,3,A,1,4,5,5,6,6,6,7,6,6,4,4,4,4,B,AF,3,1,4,6,5,6,6,5,6,6,6,4,4,4,4,1,AA,2,2,1,1,2,0,2,0,0,0,0,0,0,1,0,0,1,21,,Maddie,4/3/18,Nadra,
96,4/3/18,11:30,Maddie,F,C,AA,3,B,1,7,7,7,7,7,7,7,4,4,7,6,7,3,A,AF,2,,5,7,6,7,7,7,7,7,7,7,6,7,3,1,AA,2,1,1,1,2,0,2,0,0,0,0,0,0,1,0,0,1,20,Loud laughter in hallway as participant entered,Maddie,4/3/18,Nadra,
97,4/3/18,12:30,Maddie,F,C,AA,4,B,1,5,5,7,,6,6,5,4,3,4,5,4,4,A,AF,4,1,5,5,5,6,6,6,4,4,5,4,5,4,4,1,AA,2,2,1,1,2,0,2,0,0,0,0,0,0,1,0,0,1,20,Helped participant close RM F door,Maddie,4/3/18,Nadra,
98,4/3/18,12:35,Maddie,E,S,AA,3,B,1,5,7,6,7,5,6,3,4,2,5,5,7,1,A,AF,2,1,4,7,5,4,5,6,7,7,7,7,5,5,3,1,AA,2,1,1,1,1,0,2,0,0,0,0,0,0,1,0,0,1,20,"Participant arrived late, started 12:35",Maddie,4/3/18,Nadra,
99,4/3/18,13:00,Maddie,F,A,AF,2,A,1,4,6,4,4,6,6,4,4,5,5,5,5,2,B,AA,4,1,4,5,5,4,6,6,3,4,2,5,5,5,2,1,AF,1,1,2,2,2,0,2,0,0,0,0,0,0,1,0,0,1,19,,Maddie,4/3/18,Nadra,
100,4/3/18,15:00,Maddie,F,A,AA,1,B,1,4,5,3,3,5,4,3,1,3,5,5,5,2,A,AF,2,1,5,5,6,5,5,5,4,4,6,6,6,6,3,2,AF,2,1,1,1,2,0,2,0,0,0,0,0,0,1,0,0,1,19,,Prachi,4/23/18,Maddie,
101,4/3/18,15:00,Maddie,E,C,AF,1,A,1,6,7,6,6,6,7,6,4,4,4,4,4,4,B,AA,4,,6,7,6,6,6,7,6,4,4,4,4,4,4,2,AA,1,1,2,1,2,0,2,0,0,0,0,0,0,1,0,0,1,19,,Prachi,4/23/18,Maddie,
102,4/3/18,15:00,Maddie,D,S,AA,4,B,1,5,7,5,5,6,5,6,5,4,7,6,2,4,A,AF,3,1,5,7,6,5,5,6,5,5,4,7,7,5,3,1,AA,2,1,1,1,2,0,2,0,0,0,0,0,0,1,0,0,1,19,"Asked if they got gender right - explained I couldn’t confirm, explained study design, post-debrief",Prachi,4/23/18,Maddie,
103,4/3/18,16:00,Phillip,F,C,AF,2,B,1,7,7,7,7,7,7,7,6,6.5,7,7,4,4,A,AA,4,1,7,7,7,7,7,7,6,4,4,7,7,4,4,1,AF,1,1,2,1,2,0,2,0,0,1,0,0,0,1,0,0,1,18,,Prachi,4/23/18,Maddie,
104,4/3/18,17:30,Phillip,F,C,AA,1,A,1,5,6,6,6,6,6,5,3,3,3,3,3,3,B,AF,2,1,6,6,6,6,6,6,5,4,5,3,3,3,3,2,AF,2,1,1,1,1,0,2,0,0,0,0,0,0,1,0,0,1,18,,Prachi,4/23/18,Maddie,
105,4/4/18,11:00,Ngaio,F,A,AF,4,A,1,6,7,7,5,6,6,4,3,3,4,4,4,4,B,AA,1,1,7,7,7,7,5,6,5,6,7,6,7,4,4,2,AA,1,1,2,1,1,0,2,0,0,0,0,0,0,1,0,0,2,0.75,,Prachi,4/23/18,Maddie,
106,4/4/18,12:30,Phillip,F,S,AA,3,A,1,5,7,5,5,6,6,6,4,3,4,5,4,4,B,AF,1,1,6,7,6,6,6,6,7,6,6,4,5,4,4,2,AF,2,1,1,1,2,0,2,0,0,0,0,0,0,1,0,0,1,19,,Prachi,4/23/18,Maddie,
107,4/4/18,12:30,Phillip,E,A,AA,3,A,1,3,5,4,5,5,5,6,3,3,3,3,3,3,B,AF,4,1,4,5,5,5,5,5,3,3,3,3,3,3,3,2,AF,2,1,1,1,2,0,2,0,0,0,0,0,0,1,0,0,1,22,,Prachi,4/23/18,Maddie,
108,4/4/18,13:30,Phillip,F,S,AA,2,B,1,6,6,7,7,7,7,7,4,4,4,4,4,4,A,AF,2,1,6,6,7,7,7,7,7,7,7,4,4,4,4,2,AF,2,2,1,1,1,0,2,0,0,0,0,0,0,1,0,0,1,31,,Prachi,4/23/18,Maddie,
109,4/4/18,13:30,Phillip,E,A,AA,2,B,1,3,5,3,4,5,5,2,1,3,7,7,5,3,A,AF,2,1,4,5,5,6,5,5,5,5,5,7,7,4,4,2,AF,2,1,1,1,2,0,2,0,0,0,0,0,0,1,0,0,1,19,,Prachi,4/23/18,Maddie,
110,4/5/18,16:00,Phillip,F,A,AF,1,B,1,4,5,3,5,5,5,4,4,6,4,4,4,4,A,AA,1,1,4,5,4,5,6,5,3,3,3,4,4,4,4,1,AF,1,1,2,1,2,0,2,0,0,0,0,0,0,1,0,0,1,18,,Prachi,4/23/18,Maddie,
111,4/5/18,16:00,Phillip,E,C,AA,4,A,1,5,7,7,7,7,7,7,7,4,4,4,7,2,B,AF,1,1,6,7,7,7,7,7,7,7,7,5,4,7,2,2,AF,2,1,1,1,2,0,2,0,0,0,0,0,0,1,0,0,1,18,,Prachi,4/23/18,Maddie,
112,4/5/18,17:30,Phillip,F,C,AA,2,B,1,5,6,5,4,5,5,4,4,4,4,4,4,4,A,AF,3,1,6,5,4,4,5,6,6,7,7,4,4,4,4,2,AF,2,1,1,1,2,0,2,0,0,0,0,0,0,1,0,0,1,20,,Prachi,4/23/18,Maddie,
113,4/5/18,17:30,Phillip,E,S,AF,4,B,1,5,7,6,6,5,,7,7,7,6,5,5,3,A,AA,1,1,5,7,6,6,6,6,5,2,2,6,5,4,4,1,AF,1,1,2,2,1,0,2,0,0,0,0,0,0,1,0,0,1,21,,Prachi,4/23/18,Maddie,
114,4/5/18,17:30,Phillip,D,C,AA,3,A,1,5,6,7,6,6,6,5,,,,5,4,4,B,AF,2,1,5,7,6,6,7,6,5,5,5,5,4,4,4,2,AF,2,1,1,1,2,0,2,0,0,0,0,0,0,1,0,0,1,19,,Prachi,4/23/18,Maddie,
115,4/6/18,13:30,Phillip,F,S,AA,2,A,1,3,4,5,4,4,5,4,4,2,4,4,4,4,B,AF,2,1,4,4,4,5,4,5,4,5,5,4,4,4,4,2,AF,2,2,1,1,2,0,2,0,0,0,0,0,0,1,0,0,1,18,,Prachi,4/23/18,Maddie,
116,4/6/18,16:00,Phillip,F,A,AF,1,A,1,3,5,4,4,4,6,5,7,6,4,4,4,4,B,AA,3,1,4,4,3,3,4,4,5,3,4,4,4,4,4,1,AF,1,1,2,1,2,0,2,0,0,0,0,0,0,1,0,0,1,19,During debrief it seemed like participant wanted to leave immediately after because they gave short answers,Prachi,4/23/18,Maddie,
117,4/6/18,16:00,Phillip,E,S,AF,3,A,1,6,7,6,7,7,7,4,4,4,4,4,4,4,B,AA,1,1,7,7,7,6,7,6,4,4,4,4,4,4,4,2,AA,1,1,2,2,2,0,2,0,0,0,0,0,0,1,0,0,1,19,,Prachi,4/23/18,Maddie,
118,4/10/18,15:00,Maddie,F,S,AF,1,B,1,5,5,4,5,5,5,7,7,7,5,6,5,2,A,AA,2,1,6,6,7,6,6,6,4,2,3,5,6,4,4,2,AA,1,1,2,1,1,0,2,0,0,0,0,0,0,1,0,0,1,19,,Prachi,4/23/18,Maddie,
119,4/11/18,11:30,Ngaio,E,C,AA,4,A,1,7,7,7,7,7,7,5,1,4,5,5,5,3,B,AF,2,1,7,7,7,7,7,7,6,5,7,5,5,3,4,2,AF,2,1,1,1,2,0,2,0,0,0,0,0,0,1,0,0,1,18,,Prachi,4/23/18,Maddie,
120,4/11/18,12:30,Phillip,F,A,AF,1,B,1,7,7,7,7,7,7,4,5,5,4,4,4,4,A,AA,3,1,7,7,7,7,7,7,4,5,5,4,4,4,4,1,AF,1,1,2,1,2,0,2,0,0,0,0,0,0,1,0,0,1,18,,Prachi,4/23/18,Maddie,
121,4/12/18,16:00,Phillip,F,C,AA,3,A,1,5,5,5,5,5,5,4,4,5,5,5,5,2,B,AF,4,1,5,5,5,5,5,5,5,7,7,5,5,5,2,2,AF,2,1,1,1,2,0,2,0,0,0,0,0,0,1,0,0,1,19,,Prachi,4/23/18,Maddie,
122,4/12/18,16:00,Phillip,E,C,AF,3,A,1,6,6,6,6,7,5,6,6,4,4,4,4,4,B,AA,3,1,6,6,6,6,6,6,4,4,4,4,4,4,4,1,AF,1,1,2,1,2,0,2,0,0,0,0,0,0,1,0,0,1,18,,Prachi,4/23/18,Maddie,
123,4/16/18,9:30,Maddie,F,A,AF,1,B,,5,7,6,5,5,6,6,4,4,4,4,4,4,A,AA,4,,5,6,5,5,5,5,4,4,4,4,4,4,4,1,AF,1,1,2,2,2,0,2,0,0,0,0,0,1,0,0,0,2,4,,Prachi,4/23/18,Maddie,
124,4/16/18,14:35,Maddie,F,C,AA,2,A,1,5,6,5,6,6,5,6,5,5,4,5,4,4,B,AF,4,1,5,5,4,4,5,4,5,5,4,4,5,4,4,1,AA,2,1,1,1,2,0,2,0,0,0,0,0,0,1,0,0,1,20,,Prachi,4/23/18,Maddie,
125,4/17/18,11:30,Phillip,F,A,AA,3,A,1,4,4,5,5,6,6,6,5,5,6,6,6,2,B,AF,2,1,4,4,6,6,6,5,5,6,6,6,6,6,3,2,AF,2,2,1,1,2,0,2,0,0,0,0,0,0,1,0,0,1,22,,Prachi,4/23/18,Maddie,
126,4/17/18,13:30,Avery,F,S,AF,3,B,1,6,7,6,7,7,6,5,5,5,5,5,5,3,A,AA,2,,4,6,5,5,5,5,4,5,5,4,5,4,4,1,AF,1,1,2,1,2,0,2,0,0,0,0,0,0,1,0,0,1,15,Participant seemed very young - maybe under 18?,Prachi,4/23/18,Maddie,
127,4/19/18,16:00,Phillip,F,A,AF,1,A,1,5,7,5,4,5,4,4,5,4,4,4,4,4,B,AA,2,1,4,6,4,4,6,5,3,3,3,4,4,4,4,1,AF,1,1,2,1,2,0,2,0,0,0,0,0,0,1,0,0,1,19,,Prachi,4/23/18,Maddie,
128,5/1/18,16:30,Phillip,F,S,AF,1,A,1,6,7,5,5,6,6,6,6,6,6,6,6,2,B,AA,1,1,6,7,6,6,6,6,6,4,4,6,6,6,2,1,AF,1,1,2,1,2,0,2,0,0,0,0,0,0,0,1,Afghan,2,10,Participant identifies as Afghan,Maddie,5/16/18,Phillip,
129,5/2/18,13:30,Phillip,F,S,AF,4,B,1,5,7,7,7,7,7,7,7,7,6,5,4,4,A,AA,2,1,5,7,7,7,7,7,6,6,6,6,6,4,4,1,AF,1,1,2,1,2,0,2,0,0,0,0,0,0,1,0,0,1,20,,Maddie,5/16/18,Phillip,
130,5/8/18,17:00,Phillip,F,S,AA,1,A,1,5,7,5,5,4,5,5,3,4,5,5,5,2,B,AF,4,1,6,7,5,6,5,6,6,6,6,5,6,6,2,2,AF,2,1,1,1,1,0,2,0,0,0,0,0,0,1,0,0,1,21,,Maddie,5/16/18,Phillip,
131,5/9/18,12:30,Phillip,F,C,AF,1,B,1,5,6,5,5,4,4,3,3,3,3,3,3,3,A,AA,1,1,6,5,5,4,4,4,2,2,2,3,3,3,3,0,,,1,2,1,2,0,2,0,0,0,0,0,1,0,0,0,2,5,Participant asked if it wasn't on the computer- didn't listen to instructions?,Maddie,5/16/18,Phillip,
132,5/9/18,13:00,Phillip,E,A,AA,4,B,1,7,7,6,7,7,7,5,5,2,7,7,6,2,A,AF,2,1,5,6,6,6,7,6,7,7,7,7,7,7,2,1,AA,2,2,1,1,2,0,2,0,0,0,0,0,0,1,0,0,1,19,,Maddie,5/16/18,Phillip,
133,5/9/18,16:00,Phillip,F,C,AA,3,A,1,7,7,7,7,7,7,7,6,6,6,6,3,5,B,AF,1,1,7,7,7,7,7,7,7,7,7,7,7,6,2,2,AF,2,1,1,1,2,0,2,0,0,0,0,0,0,1,0,0,1,18,,Maddie,5/16/18,Phillip,
134,5/10/18,16:00,Phillip,E,S,AA,2,A,1,6,7,6,6,6,7,6,4,5,5,4,4,4,B,AF,1,1,6,7,6,6,6,7,6,5,6,5,4,4,4,1,AA,2,1,1,1,2,0,2,0,0,0,0,0,0,1,0,0,1,19,,Maddie,5/16/18,Phillip,
135,5/10/18,17:30,Phillip,F,C,AF,1,B,1,5,7,5,5,6,6,3,4,4,4,4,4,4,A,AA,3,1,6,7,5,5,6,6,4,4,4,4,4,4,4,1,AF,1,1,2,1,1,0,2,0,0,0,0,0,1,1,0,0,1,20,,Maddie,5/16/18,Phillip,
136,5/15/18,16:00,Phillip,F,C,AA,4,B,1,6,7,7,7,7,6,6,4,5,5,5,3,4,A,AF,2,1,6,7,7,7,7,6,6,6,6,4,4,4,4,2,AF,2,1,1,1,2,0,2,0,0,0,0,0,0,1,0,0,1,28,,Maddie,5/16/18,Phillip,
137,5/15/18,16:00,Phillip,E,A,AA,3,B,1,5,6,4,5,6,7,6,3,5,6,6,5,3,A,AF,1,1,4,6,4,6,5,7,6,6,6,6,6,7,2,1,AA,2,1,1,1,2,0,2,0,0,0,0,0,0,1,0,0,1,19,,Maddie,5/16/18,Phillip,
138,5/15/18,16:30,Phillip,F,A,AF,4,A,1,4,6,6,5,7,6,6,7,6,5,5,6,3,B,AA,2,1,4,5,6,6,7,6,6,7,6,5,5,4,3,1,AF,1,1,2,1,2,0,2,0,0,0,0,0,0,1,0,0,1,18,,Maddie,5/16/18,Phillip,
139,5/16/18,12:30,Phillip,F,S,AA,4,A,1,5,7,5,5,6,6,6,3,6,4,5,5,3,B,AF,1,1,5,5,7,6,6,6,6,6,7,4,5,5,3,2,AF,2,1,1,1,2,0,2,0,0,0,0,0,0,1,0,0,1,16,Age seems questionable?,Maddie,5/16/18,Phillip,
140,5/16/18,12:30,Phillip,E,A,AF,3,A,1,5,6,,5,7,7,7,7,7,7,7,7,2,B,AA,1,1,4,6,5,5,7,7,6,4,4,6,7,4,4,1,AF,1,1,2,1,2,0,2,0,0,0,0,0,0,1,0,0,1,19,,Maddie,5/16/18,Phillip,
141,5/16/18,12:30,Phillip,D,A,AA,2,B,1,6,7,6,6,7,7,5,6,3,4,6,4,6,A,AF,1,1,6,7,7,6,7,7,7,7,6,5,5,6,4,2,AF,2,1,1,1,1,0,2,0,0,1,0,0,0,1,0,0,1,21,,Maddie,5/16/18,Phillip,
142,5/16/18,13:00,Phillip,F,S,AA,4,B,1,5,5,5,5,5,4,4,3,3,4,5,4,4,A,AF,1,1,5,5,5,5,4,5,5,5,5,5,6,5,3,2,AF,2,1,1,1,1,0,2,0,0,0,0,0,0,1,0,0,1,19,,Maddie,5/16/18,Phillip,
143,5/16/18,13:30,Phillip,F,S,AA,4,B,1,7,7,7,7,7,7,7,7,7,4,4,5,3,A,AF,4,1,7,7,7,7,7,7,7,7,7,4,4,5,3,2,AF,2,1,1,1,2,0,2,0,0,0,0,0,0,1,0,0,1,18,Participant didn't read info statement at all,Maddie,5/16/18,Phillip,
144,5/17/18,16:00,Phillip,F,S,AF,2,A,1,6,7,6,6,6,6,5,,6,5,5,4,4,B,AA,4,1,7,7,7,6,6,6,5,4,5,5,5,4,4,1,AF,1,1,2,1,2,0,2,0,0,0,0,0,0,1,0,0,1,20,,Maddie,5/23/18,Phillip,
145,5/23/18,13:00,Phillip,F,A,AA,2,A,1,5,6,5,5,7,6,6,6,6,5,5,5,3,B,AF,3,1,5,6,6,6,7,6,6,6,7,5,5,5,3,2,AF,2,1,1,1,2,0,2,0,0,0,0,0,0,1,0,0,1,18,,Maddie,5/23/18,Phillip,
146,5/23/18,13:30,Phillip,F,C,AA,4,B,1,5,5,4,5,4,4,5,4,4,3,3,3,3,A,AF,3,1,4,5,4,5,4,4,6,6,6,3,3,3,3,1,AA,2,2,1,1,1,0,2,0,0,0,0,0,1,0,0,0,1,20,,Maddie,5/23/18,Phillip,
147,5/29/18,16:00,Phillip,F,A,AF,3,B,1,6,6,6,6,7,6,6,5,5,5,5,5,3,A,AA,2,1,6,6,6,6,7,6,5,4,5,5,6,4,3,1,AF,1,1,2,1,2,0,2,0,0,0,0,0,0,1,0,0,1,18,,Katie,5/23/18,Phillip,
148,5/29/18,16:00,Phillip,E,S,AA,1,B,1,5,7,6,6,7,7,6,5,5,6,6,4,4,A,AF,1,1,5,7,6,6,7,5,7,6,6,6,6,4,4,2,AF,2,1,1,2,1,0,2,0,0,0,0,0,0,1,0,0,1,18,,Katie Mills,7/3/18,Phillip,
149,5/29/18,17:00,Phillip,F,A,AF,1,A,1,6,7,7,6,7,6,6,6,6,6,6,6,2,B,AA,4,1,5,7,6,6,7,6,5,4,4,6,6,6,2,0,,1,1,2,1,1,0,2,0,0,0,0,0,0,1,0,0,1,18,Participant claimed that they weren't comparing the two candidates during the questionnaire and asked if they really had to choose between them,Katie,7/3/18,Phillip,
150,5/30/18,13:00,Phillip,F,S,AF,3,B,1,6,7,7,7,6,6,7,6,6,6,6,5,3,A,AA,3,1,5,6,6,5,7,5,3,3,2,5,7,4,4,1,AF,1,1,2,1,2,0,2,0,0,0,0,0,0,1,0,0,1,19,,Katie,7/3/18,Phillip,
151,5/30/18,13:00,Phillip,E,C,AF,4,A,1,7,7,7,7,7,7,7,6,7,6,6,4,2,B,AA,3,1,7,7,7,7,7,7,6,5,5,6,6,4,2,2,AA,1,1,2,1,1,0,2,0,0,0,0,0,0,1,0,0,1,,,Katie,7/3/18,Phillip,
152,5/30/18,13:00,Phillip,D,C,AF,2,A,1,6,6,6,7,7,7,7,7,7,6,6,5,3,B,AA,2,1,6,6,6,7,7,7,6,5,5,6,6,5,3,2,AA,5,1,2,2,2,0,2,0,0,0,0,0,0,1,0,0,1,19,There is an additional page before the first resume; it's the cover page that prints from the xerox printer downstairs. ,Katie,7/3/18,Phillip,Resume cover page stapled into packet
153,5/30/18,13:30,Phillip,F,S,AF,1,B,1,6,6,6,6,6,6,6,7,7,6,6,6,2,A,AA,3,1,6,6,6,6,6,6,5,4,4,6,6,4,3,2,AA,1,1,2,1,2,0,2,0,0,0,0,0,0,1,0,0,1,22,,Katie,7/3/18,Phillip,
154,5/30/18,13:30,Phillip,G,C,AA,2,A,1,3,5,4,5,5,5,3,2,2,3,3,5,2,B,AF,3,1,4,5,5,5,4,4,6,7,7,4,4,5,2,2,AF,2,1,1,1,1,0,2,0,0,0,0,0,0,1,0,0,1,19,,Katie ,7/3/18,Phillip,
155,5/30/18,13:30,Phillip,D,A,AA,1,B,1,3,6,3,3,6,6,3,4,2,6,6,6,2,A,AF,3,1,5,7,5,6,6,6,6,6,7,6,6,6,2,2,AF,2,1,1,1,1,0,2,0,0,0,0,0,0,1,0,0,1,16,"This participant could've lived outside the US for a period of time, but are we for certain that they're 18?",Katie,7/3/18,Phillip,
156,5/30/18,14:00,Phillip,F,A,AF,3,A,1,5,6,5,6,6,6,6,6,6,5,6,4,4,B,AA,2,1,5,6,5,5,6,6,6,5,5,5,5,4,4,2,AA,1,1,2,2,2,0,2,0,0,0,0,0,0,1,0,0,1,18,,Katie,7/3/18,Phillip,
157,5/31/18,16:00,Phillip,F,C,AA,1,A,1,5,7,5,6,7,6,6,5,5,5,5,4,3,B,AF,4,1,5,7,5,6,7,6,6,6,6,5,6,4,3,1,AA,2,1,1,1,2,0,2,0,0,0,0,0,0,1,0,0,1,19,,Katie,7/3/18,Phillip,
158,5/31/18,16:00,Phillip,E,A,AF,4,A,1,5,5,6,5,7,4,6,7,7,4,4,4,4,B,AA,3,1,5,4,5,5,6,4,3,3,4,5,4,4,4,1,AF,1,1,2,1,1,0,2,0,0,0,0,0,0,1,0,0,1,19,,Katie,7/3/18,Phillip,
159,6/28/18,12:00,Katie,F,S,AF,1,B,1,6,6,4,7,6,6,6,7,5,4,4,5,3,A,AA,4,1,6,7,7,6,6,7,4,7,2,4,4,5,3,1,AF,1,1,2,1,1,0,2,0,0,0,0,0,0,1,0,0,1,20,,Katie,7/3/18,Phillip,
160,6/28/18,12:30,Katie,F,C,AA,3,B,1,3,4,3,4,6,3,6,4,4,6,6,4,4,A,AF,4,1,3,4,3,4,6,4,6,4,6,6,6,4,3,2,AF,2,1,1,1,1,0,2,0,0,0,0,0,0,1,0,0,2,7,"Confusion in room #, went downstairs to get participant. Very talkative, knock on door at very end",Katie,7/3/18,Phillip,
161,6/28/18,13:30,Phillip,F,A,AF,3,A,1,6,6,6,6,7,7,6,5,6,6,7,5,5,B,AA,3,1,4,5,3,3,4,4,4,2,2,5,6,5,5,1,AF,1,1,2,1,2,0,2,0,0,0,0,0,0,1,0,0,1,23,,Katie,7/3/18,Phillip,
162,7/2/18,11:00,Erin,F,C,AA,2,B,1,7,7,7,7,7,7,7,7,6,7,7,4,4,A,AF,2,1,7,7,7,7,7,7,7,6,7,7,7,4,4,2,AF,2,2,1,1,2,0,2,0,0,0,0,0,0,1,0,0,1,21.5,,Katie,7/3/18,Phillip,
163,7/3/18,11:00,Katie,F,C,AF,4,A,1,7,7,7,7,7,7,7,7,7,5,5,4,4,B,AA,2,1,7,7,7,7,7,7,7,6,7,5,5,4,4,2,AA,1,1,2,1,1,0,2,0,0,0,0,0,0,1,0,0,1,30,Confusion in beginning about who's participating,Katie,7/3/18,Phillip,
164,7/3/18,11:00,Katie,E,A,AA,1,A,1,1,2,2,2,7,7,2,2,1,5,5,2,5,B,AF,4,1,3,3,4,4,7,7,6,7,7,7,6,6,2,2,AF,2,1,1,1,2,0,2,0,0,0,0,0,0,1,0,0,1,37.5,Confusion in beginning about who's participating,Katie,7/3/18,Phillip,
165,7/9/18,10:30,Erin,F,C,AF,4,B,1,6,6,6,5,6,6,3,3,5,6,6,4,4,A,AA,3,1,7,7,7,7,7,6,2,1,2,6,6,4,4,2,AA,1,1,2,1,1,0,2,0,0,0,0,0,1,0,0,0,2,6,,Phillip,7/12/18,Jillian,
166,7/9/18,11:00,Erin,F,C,AF,3,A,1,4,5,5,5,4,5,6,5,6,4,4,6,2,B,AA,1,1,4,4,4,5,4,4,5,3,3,4,5,5,4,1,AF,1,1,2,1,2,0,2,0,0,0,0,0,0,1,0,0,1,19,,Phillip,7/12/18,Jillian,
167,7/9/18,16:00,Erin,F,S,AA,1,A,1,7,7,7,7,7,7,7,7,7,5,5,5,3,B,AF,3,1,7,7,7,7,7,7,7,7,7,5,5,5,3,0,,2,1,1,1,1,0,2,0,0,0,0,0,0,1,0,0,2,19,,Phillip,7/12/18,Jillian,
168,8/7/18,13:30,Katie,F,A,AA,4,A,1,4,6,5,5,6,7,,4,5,5,5,4,4,B,AF,2,,4,5,7,5,4,5,,4,4,5,5,4,4,2,AF,2,1,7,1,2,0,2,0,0,0,0,0,1,0,0,0,2,8.5,,Phillip,10/1/18,Noah,
169,8/9/18,15:00,Laura B,F,S,AF,3,B,1,5,7,6,6,6,6,6,4,4,4,4,4,4,A,AA,4,1,5,7,6,6,6,6,6,4,4,4,4,4,4,1,AF,1,1,2,1,2,0,2,0,0,0,0,0,0,1,0,0,1,28,,Phillip,10/1/18,Noah,
193,10/1/18,14:35,Phillip,F,C,AF,1,A,1,5,6,6,5,6,6,6,6,6,4,4,4,4,B,AA,3,1,5,6,6,6,5,5,5,5,5,4,4,4,4,1,AF,1,1,2,2,2,0,2,0,0,0,0,0,0,1,0,0,1,18,,Phillip,10/1/18,Noah,
194,10/1/18,14:35,Phillip,E,S,AF,3,A,1,6,7,7,6,5,6,6,7,7,5,6,5,3,B,AA,4,1,6,7,7,6,5,6,4,5,3,5,6,5,3,1,AF,1,1,2,2,1,0,2,0,0,0,0,0,0,1,0,0,1,18,,Phillip,10/1/18,Noah,
195,10/1/18,15:35,Phillip,F,A,AF,4,B,1,4,4,3,4,5,5,6,6,6,5,5,4,4,A,AA,1,1,4,5,5,5,5,5,5,5,5,5,5,3,5,2,AA,1,1,2,1,2,0,2,0,0,0,0,0,0,1,0,0,1,18,,Phillip,10/1/18,Noah,
196,10/2/18,11:30,Katie,F,A,AF,2,B,1,6,7,6,5,7,6,6,6,6,5,4,4,4,A,AA,4,1,6,7,6,5,6,5,4,5,4,4,4,3,3,1,AF,1,1,2,1,2,0,2,0,0,0,0,0,0,1,0,0,1,19,,Noah,10/3/18,Ivy,Changed res1_Q3 from 7 to 6
197,10/2/18,11:30,Katie,E,A,AA,3,B,1,6,6,6,6,6,6,6,4,4,4,5,4,4,A,AF,2,1,5,6,5,6,6,6,5,5,5,4,4,4,4,1,AA,2,1,1,1,2,0,2,0,0,0,0,0,0,1,0,0,1,19,,Noah,10/3/18,Ivy,"Changed ""hired race"" from AF to AA"
198,10/2/18,11:30,Katie,D,S,AF,4,A,1,6,7,6,6,5,6,6,5,5,6,5,4,4,B,AA,3,1,5,6,5,6,5,6,6,4,5,5,5,4,4,1,AF,1,1,2,1,2,0,2,0,0,0,0,0,0,1,0,0,1,18,,Noah,10/3/18,Ivy,Demographics sheet was before race check sheet
199,10/2/18,12:30,Katie,F,C,AA,3,B,1,6,7,6,6,6,7,6,6,7,5,5,5,3,A,AF,3,1,6,7,6,6,6,7,7,6,7,6,6,5,4,1,AA,2,1,1,1,1,0,2,0,0,0,0,0,0,1,0,0,1,21,,Noah,10/3/18,Ivy,
200,10/2/18,12:30,Katie,E,C,AF,4,A,1,3,5,3,4,3,5,6,4,4,6,6,4,2,B,AA,1,1,4,5,4,4,3,3,5,4,3,6,5,4,4,1,AF,1,1,2,1,1,0,2,0,0,0,0,0,0,1,0,0,1,18,,Noah,10/3/18,Ivy,
201,10/2/18,1:30,Katie,F,A,AA,4,A,1,5,7,5,5,7,7,4,4,4,6,7,6,2,A,AF,3,1,5,6,6,6,7,7,7,7,7,5,6,7,1,2,AF,2,1,1,1,2,0,2,0,0,0,0,0,0,1,0,0,1,19,,Noah,10/3/18,Diane,"Incorrect packet. Both resumes were version A; ERROR DISCARD: both resumes same, checking debrief to see if p noticed, p noticed, DO NOT INCLUDE"
202,10/2/18,2:00,Katie,F,S,AA,3,B,1,3,5,2,3,6,4,4,3,3,2,5,7,1,A,AF,3,1,5,6,5,5,5,6,4,7,7,3,5,7,1,2,AF,2,1,1,1,1,0,2,0,0,0,0,0,0,1,0,0,1,18,,Noah,10/3/18,Diane,
203,10/3/18,1:30,Noah,F,C,AA,3,B,1,7,7,7,7,7,7,7,6,6,4,4,4,4,A,AF,1,1,7,7,7,7,7,7,7,7,7,5,5,4,4,2,AF,2,1,1,1,2,0,2,0,0,0,0,0,0,1,0,0,1,18,,Noah,10/3/18,Diane,
204,10/3/18,2:00,Noah,E,S,AF,4,A,1,7,7,6,6,6,7,6,6,6,6,6,6,2,B,AA,4,1,6,7,6,6,6,6,4,4,2,6,6,4,4,1,AF,1,1,2,1,2,0,2,0,0,0,0,0,0,1,0,0,1,18,,Noah,10/3/18,Diane,
205,10/3/18,2:00,Noah,F,A,AA,4,A,1,4,5,3,4,6,6,6,6,4,6,6,6,2,B,AF,1,1,4,6,5,5,6,6,7,7,7,6,6,6,2,2,AF,2,1,1,1,2,0,2,0,0,0,0,0,0,1,0,0,1,18,,Noah,10/3/18,Diane,
206,10/3/18,2:30,Phillip,F,C,AF,4,A,,6,7,7,6,6,7,6,6,6,7,7,7,2,B,AA,4,,6,7,6,6,7,6,5,4,4,7,7,6,2,2,AA,1,1,2,1,2,0,2,0,0,0,0,0,0,1,0,0,1,18,,Katie,10/15/18,Diane,
207,10/3/18,2:30,Phillip,E,C,AF,3,A,1,6,6,6,6,6,6,5,5,5,5,5,1,1,B,AA,2,1,6,6,6,6,6,6,6,4,4,5,5,1,1,1,AF,1,1,2,2,2,0,2,0,0,0,0,0,0,1,0,0,1,20,,Katie,10/15/18,Diane,
208,10/3/18,3:00,Phillip,F,A,AF,2,B,1,,6,,3,7,5.5,4,4,6,6,4,4,4,A,AA,2,1,4,4,4,5,7,7,4,4,4,7,6,4,4,1,AF,1,1,2,2,2,0,2,0,0,0,0,0,0,1,0,0,1,18,,Katie,10/15/18,Diane,
209,10/3/18,3:00,Phillip,E,A,AF,3,A,1,5,6,5,5,6,5,5,6,6,4,5,4,4,B,AA,4,1,3,3,3,3,5,5,2,2,2,4,5,5,3,1,AF,1,1,2,1,2,0,2,0,0,0,0,0,0,1,0,0,1,18,,Katie,10/16/18,Diane,
210,10/3/18,3:00,Phillip,D,S,AF,2,B,1,4,6,5,5,7,5,4,5,7,4,4,5,3,A,AA,1,1,5,6,6,6,4,6,3,1,1,5,5,4,4,2,AA,7,1,2,1,2,0,2,0,0,0,0,0,0,1,0,0,1,18,,Katie,10/16/18,Diane,
211,10/3/18,3:30,Phillip,C,A,AF,4,A,1,5,5,4,4,6,6,4,7,5,5,6,4,4,B,AA,4,1,4,5,4,4,6,6,4,4,5,4,6,4,4,1,AF,1,1,2,2,1,0,2,0,0,0,0,0,0,1,0,0,1,18,,Katie,10/16/18,Diane,
212,10/3/18,3:00,Phillip,C,C,AF,4,B,1,5,5,7,7,7,7,6,4,5,4,4,4,4,A,AA,1,1,5,5,7,7,7,7,5,4,4,4,4,4,4,1,AF,1,1,2,1,2,0,2,0,0,0,0,0,0,1,0,0,1,,,Katie,10/16/18,Diane,
213,10/3/18,3:30,Phillip,F,C,AF,3,B,1,5,6,7,5,6,6,6,7,7,6,5,,,A,AA,4,1,6,7,6,6,5,5,4,4,2,5,5,,,1,AF,1,1,2,1,1,0,2,0,0,0,0,0,0,1,0,0,1,18,,Katie,10/16/18,Diane,
214,10/3/18,3:30,Phillip,E,A,AF,2,A,1,5,6,5,6,7,7,6,6,7,5,6,6,5,B,AA,3,1,4,4,3,4,7,7,3,2,2,5,5,6,5,1,AF,7,1,2,1,2,0,2,0,0,0,0,0,0,1,0,0,2,2,,Katie,10/16/18,Diane,
215,10/3/18,3:30,Phillip,D,C,AA,4,A,1,6,6,7,3,,6,6,4,6,4,6,4,4,B,AF,4,1,6,6,5,4,6,6,6,4,5,6,5,4,4,1,AA,2,1,1,1,2,0,2,0,0,0,0,0,0,1,0,0,1,19,,Katie,10/16/18,Diane,
216,10/3/18,4:00,Phillip,F,C,AF,1,B,1,5,7,7,7,7,7,7,6,6,5,4,4,4,A,AA,2,1,5,7,7,7,7,7,6,6,5,4,4,4,4,2,AA,1,1,2,1,2,0,2,0,0,0,0,0,0,1,0,0,1,19,,Katie,10/16/18,Diane,
217,10/3/18,4:00,Phillip,E,A,AA,2,A,1,4,5,5,3,4,5,5,3,3,6,7,5,3,B,AF,1,1,7,7,7,7,6,7,7,7,7,7,7,7,1,2,AF,2,1,1,1,2,0,2,0,0,0,0,0,0,1,0,0,1,19,,Katie,10/16/18,Diane,
218,10/4/18,11:30,Katie,F,C,AF,2,A,1,7,7,7,7,7,7,7,7,7,7,7,,,B,AA,3,1,7,7,7,7,7,7,7,4,2,5,7,,,2,AA,1,1,2,1,2,0,2,0,0,0,0,0,0,1,0,0,1,19,"Asked what program responses specialist was - told use best judgment; 218 filled out debrief, accidentally entered 219",Katie,10/16/18,Diane,Didn't answer liberal/conservative questions
219,10/4/18,11:30,Katie,E,A,AF,2,B,1,4,6,6,5,7,6,4,5,6,5,5,4,4,A,AA,1,1,4,6,6,5,7,6,4,5,5,5,5,4,4,1,AF,1,1,2,1,1,0,2,0,0,0,0,0,0,1,0,0,1,18,"218 filled debrief, not 219",Ivy,10/17/18,Katie,Shifted comments 1 up (were in wrong spot)
220,10/4/18,11:30,Katie,D,S,AF,4,A,1,4,5,,4,4,4,3,2,5,5,3,2,2,B,AA,1,1,4,4,3,3,4,4,3,2,2,5,5,2,2,1,AF,1,1,2,1,2,0,2,0,0,0,0,0,0,1,0,0,1,18,,Ivy,10/17/18,Katie,
221,10/4/18,11:30,Katie,C,S,AF,4,B,1,6,7,6,6,6,6,7,6,6,4,4,6,1,A,AA,4,1,6,7,6,6,6,6,4,4,3,5,5,4,4,1,AF,1,1,2,2,2,0,2,0,0,0,0,0,0,1,0,0,1,20,,Ivy,10/17/18,Katie,
222,10/4/18,12:00,Katie,F,A,AF,1,B,1,7,7,7,7,7,7,6,5,6,7,6,6,2,A,AA,2,1,7,7,7,7,7,7,6,5,5,7,6,4,4,1,AF,1,1,2,1,1,0,2,0,0,0,0,0,0,1,0,0,1,18,,Ivy,10/17/18,Katie,
223,10/4/18,12:00,Katie,E,C,AF,2,B,1,6,7,7,6,6,6,6,5,5,5,5,4,3,A,AA,2,1,6,7,7,6,6,6,6,4,4,5,5,4,4,2,AA,1,1,2,2,2,0,2,0,0,0,0,0,0,1,0,0,1,19,,Ivy,10/17/18,Katie,
224,10/4/18,12:30,Katie,F,S,AA,1,A,1,3,5,5,6,5,5,3,3,3,4,4,4,4,B,AF,1,1,4,5,4,5,4,5,5,6,7,4,4,4,4,2,AF,2,1,1,1,1,0,2,0,0,0,0,0,0,1,0,0,1,18,,Ivy,10/17/18,Katie,
225,10/4/18,12:30,Katie,E,C,AA,4,A,1,5,7,7,5,7,6,7,6,2,4,4,4,4,B,AF,3,1,5,7,7,6,7,5,7,7,7,4,4,4,4,2,AF,2,1,1,1,1,0,2,0,0,0,0,0,0,1,0,0,1,18,,Ivy,10/17/18,Katie,
226,10/4/18,12:30,Katie,D,S,AF,1,A,1,7,7,7,7,7,7,7,7,7,7,4,4,4,B,AA,3,1,7,7,7,7,7,7,7,7,7,7,4,4,4,2,AA,1,1,2,1,2,0,2,0,0,0,0,0,0,1,0,0,1,18,,Ivy,10/17/18,Katie,
227,10/4/18,13:00,Katie,F,S,AF,2,B,1,4,5,4,3,5,6,6,4,4,3,5,4,2,A,AA,2,1,4,5,3,4,5,5,4,5,3,5,5,3,4,1,AF,1,1,2,2,2,0,2,0,0,0,0,0,0,1,0,0,1,18,,Ivy,10/17/18,Katie,"Changed r2_Q8 from ""6"" to ""5"""
228,10/4/18,14:00,Katie,F,S,AA,4,A,1,3,4,4,3,5,4,6,3,3,4,5,6,3,B,AF,4,1,5,4,5,6,5,5,7,7,7,4,4,6,3,2,AF,2,2,7,1,1,0,2,0,0,0,0,0,1,0,0,0,2,5,,Ivy,10/17/18,Katie,
229,10/4/18,14:00,Katie,E,C,AA,1,B,1,7,7,7,5,7,7,5,1,2,5,6,3,3,A,AF,2,,5,5,6,6,7,7,6,6,7,6,5,3,3,1,AA,2,1,7,2,2,0,2,0,0,0,0,0,1,0,0,0,2,15,,Ivy,10/17/18,Katie,
230,10/5/18,12:30,Katie,F,C,AF,3,B,1,6,7,7,7,7,7,6,6,5,,,6,2,A,AA,3,1,6,7,7,7,7,7,5,4,3,,,4,4,2,AA,1,1,2,1,1,0,2,0,0,0,0,0,0,1,0,0,1,19,,Ivy,10/17/18,Katie,
231,10/5/18,12:30,Katie,E,A,AA,4,B,1,6,7,6,6,7,7,5,5,6,4,5,5,2,A,AF,4,1,4,5,4,5,7,7,6,5,5,7,5,4,4,1,AA,2,1,1,1,2,0,2,0,0,0,0,0,0,1,0,0,1,18,,Ivy,10/17/18,Katie,
232,10/5/18,12:30,Katie,D,C,AA,2,B,1,6,7,6,6,6,5,6,3,5,6,5,4,4,A,AF,4,1,5,7,6,6,6,5,7,6,7,5,4,4,5,1,AA,2,2,1,1,1,0,2,0,0,0,0,0,0,1,0,0,2,0,,Ivy,10/17/18,Katie,
233,10/5/18,1:00,Katie,F,C,AF,2,B,1,5,5,5,5,5,5,6,6,6,5,5,5,2,A,AA,1,1,5,6,5,5,5,5,3,2,3,5,5,3,4,2,AA,7,1,2,1,2,0,2,0,1,0,0,0,0,0,0,0,2,4,,Katie,10/18/18,Diane,
234,10/5/18,1:00,Katie,E,A,AA,1,B,1,5,5,5,6,7,5,2,2,3,4,4,4,4,A,AF,1,1,5,6,4,4,7,7,4,4,4,4,4,4,4,1,AA,2,1,7,1,1,0,2,0,0,0,0,0,1,0,0,0,2,1,,Katie,10/18/18,Diane,
235,10/5/18,1:00,Katie,D,A,AF,3,B,1,3,6,4,6,7,6,5,7,7,6,5,5,2,A,AA,3,1,3,5,4,6,7,6,4,3,3,5,5,4,4,1,AF,1,1,2,1,1,0,2,0,0,0,0,0,0,1,0,0,1,18,,Katie,10/18/18,Diane,
236,10/5/18,1:00,Katie,C,S,AA,1,A,1,4,5,5,5,4,5,5,3,3,6,5,4,4,B,AF,2,,3,4,5,4,4,5,5,6,6,3,5,4,4,1,AA,2,1,7,1,2,0,2,0,0,0,0,0,0,1,0,0,1,19,,Katie,10/18/18,Ahmed,
237,10/5/18,1:30,Katie,F,S,AA,2,A,1,5,5,5,5,3,4,3,4,4,4,4,4,4,B,AF,3,1,6,6,6,5,3,4,5,6,6,4,4,4,4,2,AF,2,1,1,1,1,0,2,0,0,0,0,0,0,1,0,0,1,22,,Katie,10/18/18,Ahmed,
238,10/5/18,1:30,Katie,E,S,AF,2,B,1,5,7,7,7,7,7,5,5,5,4,6,4,4,A,AA,4,1,5,7,7,7,7,7,5,5,5,,6,4,4,1,AF,1,1,2,1,2,0,2,0,0,0,0,0,0,1,0,0,1,18,,Katie,10/18/18,Ahmed,
239,10/5/18,1:30,Katie,D,C,AA,2,B,1,5,6,5,4,6,5,6,4,4,6,6,4,4,A,AF,1,1,5,5,5,4,5,5,6,6,6,6,6,5,3,1,AA,2,2,1,1,2,0,2,0,0,0,0,0,0,1,0,0,1,18,,Katie,10/18/18,Ahmed,
240,10/5/18,1:30,Katie,C,S,AF,1,A,1,5,7,5,6,6,6,5,6,6,5,6,4,2,B,AA,4,1,6,6,7,6,5,7,4,2,2,6,5,3,3,2,AA,1,1,2,2,1,0,2,0,0,0,0,0,0,1,0,0,1,18,,Katie,10/18/18,Ahmed,
241,10/5/18,2:00,Katie,F,A,AF,3,B,1,6,5,5,4,5,5,4,4,3,6,4,4,3,A,AA,1,1,4,5,3,3,5,4,2,2,2,4,4,3,1,1,AF,1,1,2,1,2,0,2,0,0,0,0,0,1,0,0,0,2,8,,Katie,10/18/18,Ahmed,
242,10/5/18,2:30,Katie,F,C,AA,1,A,1,4,6,5,5,5,5,6,4,6,4,4,5,3,B,AF,1,1,4,5,4,4,5,4,6,5,6,4,4,5,3,1,AA,2,2,1,1,1,0,2,0,0,0,0,0,0,1,0,0,1,18,,Katie,10/18/18,Ahmed,
243,10/5/18,2:30,Katie,E,S,AF,2,A,1,5,7,6,5,6,5,5,5,5,4,4,4,4,B,AA,3,1,5,7,6,5,5,5,5,3,3,5,5,4,4,2,AA,1,1,2,1,2,0,2,0,0,0,0,0,0,1,0,0,1,18,,Katie,10/18/18,Ahmed,
244,10/5/18,3:00,Katie,D,A,AF,2,B,1,2,3,3,,5,5,4,5,7,4,4,4,4,A,AA,3,1,2,2,3,3,5,5,3,4,4,4,4,5,2,1,AF,1,1,2,1,2,0,2,0,0,0,0,0,0,1,0,0,1,20,,Katie,10/18/18,Ahmed,
245,10/5/18,3:30,Phillip,F,A,AA,3,B,1,6,7,7,7,7,7,6,4,4,5,7,4,4,A,AF,4,1,6,7,7,7,7,7,7,7,7,6,7,4,4,2,AF,2,1,1,1,2,0,2,0,0,0,0,0,0,1,0,0,1,19,,Katie,10/18/18,Ahmed,
246,10/5/18,3:30,Phillip,E,C,AA,1,B,1,6,7,6,6,5,5,6,5,5,4,4,4,4,A,AF,1,1,6,7,5,6,5,5,6,5,5,4,4,4,4,1,AA,2,1,1,1,2,0,2,0,0,0,0,0,0,1,0,0,1,18,,Katie,10/18/18,Ahmed,
247,10/5/18,3:30,Phillip,D,S,AA,3,A,1,5,7,6,5,7,6,5,5,5,6,6,4,4,B,AF,4,1,4,7,5,5,6,6,6,5,5,6,5,4,4,1,AA,2,1,1,1,2,0,2,0,0,0,0,0,0,1,0,0,1,20,,Katie,10/18/18,Ahmed,
248,10/5/18,3:30,Phillip,C,A,AF,4,B,1,4,6,6,7,7,7,7,7,7,4,4,4,4,A,AA,2,1,5,6,6,7,7,7,7,7,6,4,4,4,4,2,AA,1,1,2,2,1,0,2,0,0,0,0,0,0,1,0,0,1,17,,Katie,10/18/18,Ahmed,
249,10/5/18,4:00,Phillip,F,A,AF,2,A,1,7,7,6,7,7,7,7,6,7,6,6,4,4,B,AA,2,1,5,7,6,5,7,7,6,6,7,3,6,4,4,1,AF,1,1,2,2,2,0,2,0,0,0,0,0,0,1,0,0,1,23,,Katie,10/18/18,Ahmed,
250,10/8/18,1:35,Laura B,F,C,AA,3,A,1,5,7,5,6,7,5,7,4,7,4,5,4,4,B,AF,3,1,6,7,7,6,7,6,7,6,6,4,4,4,4,2,AF,2,1,1,1,2,0,2,0,0,0,0,0,0,1,0,0,1,16,,Katie,10/18/18,Ahmed,
251,10/8/18,1:35,Laura B,E,S,AA,4,A,1,5,7,6,5,6,6,6,5,5,5,6,3,2,B,AF,2,1,6,7,7,6,6,6,6,5,6,5,6,4,3,2,AF,2,1,1,1,2,0,2,0,0,0,0,0,0,1,0,0,1,18,,Katie,10/18/18,Ahmed,
252,10/8/18,2:05,Laura B,F,A,AA,4,A,1,4,5,4,4,6,6,5,3,3,,,,,B,AF,4,1,4,6,5,5,6,5,6,6,6,,,,,2,AF,2,1,1,1,2,0,2,0,0,0,0,0,0,1,0,0,1,19,,Katie,10/18/18,Ahmed,
253,10/8/18,2:35,Phillip,F,S,AA,2,B,1,5,6,5,5,6,6,6,6,7,6,6,5,2,A,AF,1,1,6,7,7,6,6,6,7,7,7,7,6,5,2,2,AF,2,1,1,1,1,0,2,0,0,0,0,0,0,1,0,0,1,19,,Katie,10/18/18,Ahmed,
254,10/8/18,2:35,Phillip,E,S,AF,4,A,1,6,7,6,6,6,6,5,5,5,5,5,3,3,B,AA,2,1,5,6,6,5,5,5,3,3,3,4,4,2,2,1,AF,1,1,2,2,2,0,2,0,0,0,0,0,0,1,0,0,1,18,,Katie,10/18/18,Phillip,
255,10/8/18,2:35,Phillip,D,C,AF,3,B,1,7,7,6,7,6,6,5,4,4,4,5,4,4,A,AA,2,1,7,7,6,6,6,6,5,5,4,5,5,4,4,2,AA,1,1,2,2,2,0,2,0,0,0,0,0,0,1,0,0,1,19,The first survey and resume were switched,Katie,10/18/18,Phillip,
256,10/8/18,2:35,Phillip,C,S,AA,2,B,1,6,6,6,7,5,7,4,4,4,4,4,4,4,A,AF,4,1,6,6,6,6,5,5,7,7,7,7,5,5,3,2,AF,2,1,1,1,2,0,2,0,0,0,0,0,0,1,0,0,1,23,,Katie,10/18/18,Phillip,
257,10/8/18,3:35,Phillip,F,C,AF,4,B,1,6,7,6,6,6,6,6,6,6,5,5,6,3,A,AA,2,1,6,7,6,6,6,5,4,4,3,5,5,4,4,1,AF,1,1,2,1,2,0,2,0,0,0,0,0,0,1,0,0,1,18,,Katie,10/18/18,Phillip,
258,10/8/18,4:35,Phillip,F,C,AF,2,A,1,5,6,5,5,4,4,6,6,6,4,4,3,3,B,AA,1,1,6,6,5,5,4,4,4,2,4,3,3,3,3,2,AA,7,2,2,2,2,0,2,0,0,0,0,0,0,1,0,0,1,19,,Katie,10/18/18,Phillip,
259,10/9/18,11:30,Katie,F,S,AA,3,B,1,6,7,6,6,6,5,5,4,4,4,4,4,4,A,AF,1,1,5,7,6,5,5,5,5,5,5,4,4,4,4,1,AA,2,1,1,1,2,0,2,0,0,0,0,0,0,1,0,0,1,18,,Katie,10/18/18,Phillip,
260,10/9/18,11:30,Katie,E,S,AF,4,B,1,4,7,7,7,7,7,7,4,4,7,7,4,4,A,AA,3,1,4,7,7,7,7,7,3,4,3,7,7,4,4,2,AA,1,1,2,1,2,0,2,0,0,0,0,0,0,1,0,0,1,18,,Maria,10/18/18,Phillip,
261,10/9/18,12:00,Laura B,F,A,AF,4,B,1,6,7,6,6,6,7,6,7,5,5,5,4,4,A,AA,3,1,6,7,6,6,6,6,6,7,4,5,5,5,4,1,AF,1,1,2,1,2,0,2,0,0,0,0,0,0,1,0,0,1,18,,Maria,10/18/18,Phillip,
262,10/9/18,12:00,Laura B,E,A,AA,3,A,1,5,5,5,5,7,6,7,6,6,4,4,4,4,B,AF,1,1,6,5,6,6,7,6,7,6,6,4,4,4,4,1,AA,2,1,1,1,2,0,2,0,0,0,0,0,0,1,0,0,1,19,,Maria,10/18/18,Phillip,
263,10/9/18,12:00,Laura B,D,A,AA,3,A,1,6,7,6,6,6,6,6,4,3,5,5,6,2,B,AF,3,1,6,7,6,6,6,5,7,7,7,4,4,7,1,2,AF,2,1,1,1,2,0,2,0,0,0,0,0,0,1,0,0,1,18,,Maria,10/18/18,Phillip,
264,10/9/18,12:30,Laura B,F,A,AA,1,A,1,4,5,5,5,5,5,2,3,4,5,5,5,3,B,AF,1,1,5,7,5,4,5,3,7,7,7,5,4,4,4,2,AF,2,1,1,1,1,0,2,0,0,0,0,0,0,1,0,0,1,22,,Maria,10/18/18,Phillip,
265,10/9/18,12:30,Laura B,E,A,AA,1,A,1,5,7,6,6,7,7,6,6,4,6,6,4,4,B,AF,1,1,6,7,6,6,7,6,6,6,4,5,6,4,4,1,AA,2,2,1,1,1,0,2,0,0,0,0,0,0,1,0,0,1,18,,Maria,10/18/18,Phillip,Incorrect packet. Resume 2 should be AF2 instead of AF1.; Randomization ERROR (name)
266,10/9/18,1:00,Laura B,F,A,AA,4,B,1,4,6,7,5,6,6,5,3,3,5,5,5,3,A,AF,1,1,4,7,5,5,5,5,7,7,7,4,4,6,2,2,AF,2,1,1,1,1,0,2,0,0,0,0,0,0,1,0,0,1,20,,Maria,10/19/18,Phillip,
267,10/9/18,2:00,Katie,F,S,AA,3,B,1,6,6,6,7,7,7,6,5,5,6,5,4,4,A,AF,4,1,7,7,7,7,7,7,6,7,7,6,5,4,4,2,AF,2,1,1,1,2,0,2,0,0,0,0,0,0,1,0,0,1,14,Too young to be taking study?,Maria,10/19/18,Phillip,
268,10/10/18,2:30,Phillip,F,A,AA,2,A,1,3,6,4,5,6,6,3,2,3,5,4,5,3,B,AF,2,1,6,7,6,6,5,6,6,7,7,5,4,6,2,2,AF,2,1,1,1,1,0,2,0,0,0,0,0,0,1,0,0,1,19,,Maria,10/19/18,Phillip,
269,10/11/18,11:30,Katie,F,C,AF,3,A,1,6,6,6,6,6,6,7,5,5,4,4,4,4,B,AA,4,1,6,6,6,6,6,6,6,3,4,4,4,4,4,2,AA,1,1,2,1,2,0,2,0,0,0,0,0,0,1,0,0,1,18,,Maria,10/19/18,Phillip,
270,10/11/18,1:00,Katie,E,A,AA,2,B,1,4,5,4,4,7,6,4,4,3,4,6,6,2,A,AF,4,1,5,6,6,6,5,5,6,6,5,5,6,6,2,2,AF,2,1,1,1,2,0,2,0,0,0,0,0,0,1,0,0,1,18,,Maria,10/19/18,Phillip,
271,10/11/18,1:00,Katie,D,C,AF,1,A,1,7,7,6,6,7,6,5,1,4,4,4,4,4,B,AA,1,1,6,6,6,6,6,6,4,1,2,4,4,4,4,1,AF,2,1,2,1,2,0,2,0,0,0,0,0,1,0,0,0,2,10,,Maria,10/19/18,Phillip,
272,10/11/18,2:00,Katie,C,A,AA,2,B,1,5,6,5,6,7,6,6,5,5,4,4,4,4,A,AF,3,1,7,7,7,7,7,6,6,6,6,4,4,4,4,2,AF,2,2,1,1,1,0,2,0,0,0,0,0,0,1,0,0,1,18,,Maria,10/19/18,Phillip,
273,10/12/18,4:00,Phillip,F,S,AF,1,A,1,5,7,5,4,4,3,6,6,5,4,3,3,3,B,AA,2,1,6,5,6,4,6,5,3,4,3,4,5,4,2,2,AA,1,1,2,2,2,0,2,0,0,0,0,0,0,1,0,0,1,20,,Maria,10/19/18,Phillip,
274,10/12/18,4:00,Phillip,E,S,AA,4,A,1,4,5,4,3,4,5,3,4,4,4,4,4,4,B,AF,3,1,4,5,4,3,4,5,5,5,5,4,4,4,4,1,AA,2,2,1,1,1,0,2,0,0,0,0,0,0,1,0,0,1,19,Smiley face on info statement,Maria,10/19/18,Phillip,
275,10/15/18,3:05,Phillip,F,A,AA,1,A,1,6,6,5,5,6,5,4,2,4,6,6,7,2,B,AF,3,1,5,6,6,6,6,6,6,7,7,5,5,4,4,1,AA,2,1,1,1,2,0,2,0,0,0,0,0,0,1,0,0,1,18,,Maria,10/19/18,Katie,
276,10/16/18,12:30,Katie,F,S,AA,1,B,1,5,6,5,5,6,6,4,4,4,4,4,5,3,A,AF,2,1,5,6,5,6,6,6,6,6,6,5,5,5,3,2,AF,2,2,1,1,1,0,2,0,0,0,0,0,0,1,0,0,1,19,,Maria,10/19/18,Katie,Changed res1_Q7-12 1 number up
277,10/16/18,12:30,Katie,E,C,AA,1,A,1,6,7,7,6,7,6,7,3,3,6,5,4,3,B,AF,3,1,6,7,6,6,6,6,6,5,6,5,6,4,3,1,AA,2,2,1,1,2,0,2,0,0,0,0,0,0,1,0,0,2,6,,Maria,10/19/18,Katie,
278,10/17/18,4:00,Phillip,F,A,AA,3,B,1,5,6,5,5,7,7,6,4,5,5,3,4,4,A,AF,3,1,5,5,6,5,7,6,5,7,7,6,6,5,3,2,AF,2,1,1,1,2,0,2,0,0,0,0,0,0,1,0,0,1,19,,Maria,10/19/18,Katie,
279,10/18/18,12:30,Katie,F,C,AF,2,A,1,6,7,6,6,6,6,6,5,5,4,4,4,4,B,AA,4,1,6,7,6,6,6,6,5,5,5,4,4,4,4,2,AA,1,1,2,2,2,0,2,0,0,0,0,0,0,1,0,0,1,20,,Maria,10/19/18,Katie,
280,10/18/18,1:00,Katie,E,S,AA,1,B,1,5,4,7,4,4,4.5,3,4,3,4,3,4,3,A,AF,4,1,4,6,3,5,3,2,6,7,6,4,2,5,3,2,AF,2,1,7,1,2,0,2,0,0,0,0,0,1,0,0,0,2,5,,Maria,10/19/18,Katie,
281,10/19/18,12:30,Katie,F,S,AF,3,B, ,6,6,6,6,5,5,5,4,5,5,5,5,3,A,AA,1,,6,6,6,6,6,6,5,5,5,5,5,5,3,,,1,1,2,1,2,0,2,0,0,0,0,0,0,1,0,0,1,20,,Maria,10/19/18,Katie,
282,10/19/18,4:00,Phillip,F,C,AA,4,B,1,6,6,6,6,7,7,7,5,5,7,7,4,4,B,AF,1,1,6,6,6,6,7,7,7,7,7,7,7,5,4,2,AF,2,2,1,1,2,0,2,0,0,0,0,0,0,0,1,Russian American,2,17,Packet is put together incorrectly; second resume is version B instead of version A,Katie,10/25/18,Phillip,Incorrect packet. Both resumes are version A.; ERROR DISCARD: both resumes same; checking debrief to see if p noticed; p noticed; DO NOT INCLUDE
283,10/22/18,2:35,Phillip,F,S,AA,2,B,1,6,7,5,6,7,5,4,4,5,5,4,5,2,A,AF,3,1,4,5,5,4,5,4,4,5,5,5,5,5,2,1,AA,2,1,1,1,1,0,2,0,0,0,0,0,0,1,0,0,1,19,,Katie,10/26/18,Phillip,
284,10/22/18,3:05,Phillip,F,A,AF,2,A,1,4,3,2,4,5,4,3,5,7,3,3,3,3,B,AA,1,1,2,3,3,5,5,3,3,4,2,3,3,4,2,1,AF,1,1,2,1,2,0,2,0,0,0,0,0,0,1,0,0,1,18,Participant seems to know 285,Katie,10/26/18,Phillip,
285,10/22/18,3:05,Phillip,E,S,AA,1,B,1,5,5,5,6,5,6,4,2,3,4,4,5,2,A,AF,3,1,5,6,5,5,4,5,5,4,5,6,5,7,2,2,AF,2,1,1,1,2,0,2,0,0,0,0,0,0,1,0,0,1,18,Participant seems to know 284,Katie,10/26/18,Phillip,
286,10/22/18,5:05,Phillip,F,A,AA,4,A,1,5,6,7,7,7,7,6,5,5,5,5,6,2,B,AF,3,1,5,6,7,7,7,7,7,7,7,6,6,7,1,2,AF,2,1,1,1,1,0,2,0,0,0,0,0,0,1,0,0,1,20,,Katie,10/26/18,Phillip,
287,10/24/18,2:30,Phillip,F,S,AA,3,B,1,6,7,6,6,7,6,6,4,5,5,5,6,3,B,AF,3,1,6,6,6,6,6,6,6,5,6,6,5,5,3,1,AA,2,1,1,1,2,0,2,0,0,0,0,0,0,1,0,0,1,19,Packet was incorrectly put together; Resume 1 version should be A,Katie,10/26/18,Phillip,"Incorrect packet. Both resumes are version B; ERROR DISCARD: both resumes same, checking debrief to see if p noticed; p noticed; DO NOT INCLUDE"
288,10/14/18,2:30,Phillip,E,C,AA,3,B,1,7,7,7,6,7,6,5,4,6,5,4,4,4,A,AF,2,1,7,7,7,7,7,6,6,6,7,5,4,6,3,2,AF,2,1,7,1,1,0,2,0,0,0,0,0,1,0,0,0,1,19,,Katie,10/26/18,Phillip,
289,10/24/18,3:00,Phillip,F,C,AA,4,B,1,6,6,6,6,6,6,6,4,3,4,4,4,4,A,AF,4,1,6,6,6,6,6,6,5,5,6,4,4,4,4,2,AF,2,1,1,1,2,0,2,0,0,0,0,0,0,1,0,0,2,1,,Katie,10/26/18,Phillip,
290,10/26/18,1:30,Phillip,F,S,AA,3,B,1,7,7,7,6,7,7,4,4,5,5,6,6,3,A,AF,2,1,7,7,7,7,7,7,7,7,5,5,6,7,1,1,AA,2,1,1,1,2,0,2,0,0,0,0,0,0,1,0,0,1,18,,Katie,11/1/18,Phillip,
291,10/24/18,5:05,Phillip,F,A,AF,2,A,1,5,5,5,5,6,5,6,6,6,3,4,5,2,B,AA,4,1,5,5,5,5,6,7,5,5,6,4,,5,3,2,AA,1,1,2,3,2,0,2,0,0,0,0,0,0,1,0,0,1,32,,Katie,11/1/18,Phillip,
292,10/31/18,2:30,Phillip,F,A,AA,1,B,1,4,5,5,4,6,6,5,4,4,6,5,4,4,A,AF,2,1,4,5,5,6,6,6,6,6,6,6,6,4,4,2,AF,2,1,1,1,2,0,,0,0,0,0,0,0,1,0,0,2,0.166,,Katie,11/1/18,Phillip,
293,10/31/18,2:30,Phillip,E,C,AF,1,A,1,6,7,6,6,6,6,6,6,6,6,6,5,3,B,AA,4,1,5,6,6,6,6,6,6,6,4,6,6,5,3,1,AF,1,1,2,1,2,0,2,0,0,1,0,0,0,1,0,0,1,19,,Katie,11/1/18,Phillip,
294,10/31/18,4:00,Phillip,F,S,AA,4,B,1,5,7,5,5,3,5,2,1,1,4,4,5,3,A,AF,3,1,6,7,5,6,4,5,7,7,7,4,4,6,2,2,AF,2,1,1,1,1,0,2,0,0,0,0,0,0,1,0,0,1,19,,Phillip,11/2/18,Katie,
295,11/2/18,1:30,Phillip,F,C,AF,2,B,1,5,7,6,6,6,5,7,7,7,5,6,3,5,A,AA,4,1,5,6,3,4,5,6,5,2,3,6,6,6,2,1,AF,1,1,2,1,2,0,2,0,0,0,0,0,0,1,0,0,1,18,,Phillip,11/2/18,Katie,
296,11/2/18,1:30,Phillip,E,C,AA,1,A,1,3,4,3,3,6,6,7,5,5,4,4,5,3,B,AF,2,1,3,4,3,3,5,6,6,6,6,4,4,4,4,2,AF,2,1,1,1,2,0,2,0,0,0,0,0,0,1,0,0,1,18,,Phillip,11/2/18,Katie,
297,11/2/18,2:30,Phillip,F,A,AF,4,A,1,5,6,5,5,6,6,6,6,7,4,5,5,3,B,AA,1,1,5,6,5,6,6,6,5,4,5,6,5,4,2,2,AA,1,1,2,1,2,0,2,0,0,0,0,0,0,1,0,0,1,18,,Phillip,11/2/18,Katie,
298,11/2/18,2:30,Phillip,E,S,AA,3,A,1,5,7,4,5,5,5,4,4,4,4,4,4,4,B,AF,1,1,5,7,6,5,4,5,4,4,5,4,4,4,4,2,AF,2,1,1,1,2,0,2,0,0,0,0,0,0,1,0,0,1,18,,Phillip,11/2/18,Katie,
299,11/2/18,3:00,Phillip,F,A,AA,3,A,1,4,5,4,4,5,6,2,4,2,5,4,4,4,B,AF,4,1,4,5,4,5,5,5,6,7,5,5,4,6,4,2,AF,2,2,7,1,2,0,2,0,0,0,0,0,0,1,0,0,1,18,,Phillip,11/2/18,Katie,
300,11/2/18,3:00,Phillip,E,S,AA,2,B,1,5,7,5,4,6,5,5,5,5,4,4,5,3,A,AF,2,1,6,6,6,6,6,5,5,5,6,4,4,5,3,2,AF,2,2,1,1,1,0,2,0,0,0,0,0,0,1,0,0,1,18,,Phillip,11/2/18,Katie,
301,11/5/18,3:05,Phillip,E,A,AA,2,B,1,7,7,7,7,6,6,6,6,4,5,6,5,2,A,AF,2,1,7,7,7,7,6,6,7,7,7,6,6,5,3,2,AF,2,1,1,1,2,0,2,0,0,0,0,0,0,1,0,0,1,18,,Katie,11/6/18,Phillip,
302,11/7/18,2:30,Phillip,E,A,AF,1,B,1,6,7,6,6,6,7,7,7,7,6,4,4,4,A,AA,1,1,6,7,6,6,7,7,6,7,7,6,4,4,4,2,AA,1,1,2,2,2,0,2,0,0,0,0,0,0,1,0,0,1,18,,Maria,11/13/18,Phillip,
303,11/7/18,3:30,Phillip,E,C,AA,4,A,,5,6,5,5,5,6,4,3,6,4,4,4,4,B,AF,1,,7,7,5,6,6,6,5,5,5,4,4,3,3,2,AF,2,1,1,1,2,0,2,0,0,0,0,0,0,1,0,0,1,19,,Maria,11/13/18,Phillip,
304,11/8/18,11:30,Laura B,F,C,AA,2,B,,5,7,5,6,6,5,6,4,6,4,4,4,4,A,AF,3,,5,7,5,6,6,5,6,5,7,4,4,4,4,1,AA,2,1,1,1,2,0,2,0,0,0,0,0,0,1,0,0,1,18,,Maria,11/13/18,Phillip,
305,11/8/18,12:30,Laura B,F,S,AF,4,B,1,6,6,6,5,7,7,6,5,5,6,6,4,4,A,AA,1,1,6,6,6,7,7,7,6,4,4,6,7,4,4,2,AA,1,1,2,1,1,0,2,0,0,0,0,0,0,1,0,0,1,19,,Maria,11/13/18,Phillip,
306,11/9/18,12:30,Katie,F,C,AA,3,A,1,6,7,5,5,6,6,5,4,6,4,4,5,3,B,AF,2,1,6,7,5,5,6,5,6,5,6,4,4,5,3,2,AF,2,1,1,1,1,0,2,0,0,0,0,0,0,1,0,0,1,19,,Maria,11/13/18,Phillip,
307,11/9/18,1:30,Phillip,F,S,AA,2,A,1,6,7,6,6,7,7,7,5,5,5,7,4,4,B,AF,2,1,6,7,7,7,7,7,7,6,6,6,6,4,4,2,AF,2,1,1,1,2,0,2,0,0,0,0,0,0,1,0,0,1,19,,Maria,11/13/18,Phillip,
308,11/9/18,1:30,Phillip,D,A,AF,1,A,1,4,5,5,5,6,6,6,4,4,5,5,4,5,B,AA,3,1,4,5,5,6,6,6,5,5,4,6,6,6,4,2,AA,1,1,2,1,2,0,2,0,0,0,0,0,0,1,0,0,2,13,,Katie,11/16/18,Phillip,
309,11/9/18,2:30,Phillip,E,S,AF,3,A,1,7,7,7,7,7,7,7,7,7,7,7,5,2,B,AA,1,1,7,7,7,6,7,6,6,7,7,7,7,5,2,1,AF,1,1,2,2,2,0,2,0,0,0,0,0,0,1,0,0,1,21,,Katie,11/16/18,Phillip,
310,11/13/18,11:30,Laura B,F,S,AF,1,B,1,5,6,5,5,4,6,7,7,7,4,4,5,3,A,AA,2,1,6,5,7,7,6,6,4,2,2,5,4,4,5,2,AA,1,1,2,1,1,0,2,0,0,0,0,0,0,1,0,0,1,19,,Katie,11/16/18,Phillip,
311,11/13/18,12:30,Laura B,F,C,AA,4,A,1,7,7,7,7,6,7,7,6,6,7,7,4,4,B,AF,2,1,7,7,7,7,6,7,7,7,7,7,7,5,3,1,AA,2,1,1,1,2,0,2,0,0,0,0,0,0,1,0,0,1,18,,Katie,11/16/18,Phillip,Packet was incorrectly put together. Both resumes were before both questions
312,11/13/18,1:00,Laura B,F,A,AF,1,B,1,6,6,4,4,6,4,3,5,5,3,5,5,3,A,AA,3,1,5,5,4,4,6,5,4,4,3,4,5,5,3,1,AF,1,1,2,1,2,0,2,0,0,0,0,0,0,1,0,0,1,18,,Katie,11/16/18,Phillip,
313,11/13/18,1:00,Laura B,E,C,AA,3,A,1,5,7,6,5,6,6,6,4,4,5,5,5,3,B,AF,4,1,6,7,6,5,6,6,7,7,7,5,5,6,2,2,AF,2,1,1,1,2,0,2,0,0,0,0,0,0,1,0,0,1,18,,Katie,11/16/18,Phillip,
314,11/13/18,1:30,Laura B,F,C,AF,3,A,1,7,7,7,7,7,7,7,7,7,,5,4,4,B,AA,3,1,7,7,7,7,7,7,7,4,7,5,7,4,4,2,AA,1,1,2,2,1,0,2,0,0,0,0,0,0,1,0,0,1,19.5,,Katie,11/16/18,Phillip,
315,11/13/18,1:30,Laura B,E,A,AF,1,B,1,6,6,6,6,5,6,6,6,6,5,6,5,4,A,AA,4,1,6,6,6,6,5,6,5,5,4,6,6,4,4,1,AF,1,1,2,1,2,0,2,0,0,0,0,0,0,1,0,0,1,20,,Katie,11/16/18,Phillip,
316,11/13/18,1:30,Laura B,D,C,AA,2,A,1,6,6,6,6,7,6,4,1,1,5,5,6,2,B,AF,4,1,5,6,5,5,7,5,6,6,6,5,5,7,1,1,AA,2,1,1,1,1,0,2,0,0,0,0,0,0,1,0,0,1,21,,Katie,11/16/18,Phillip,
317,11/13/18,1:30,Laura B,C,A,AA,3,A,1,6,6,6,6,6,6,6,5,4,6,6,3,4,B,AF,2,1,5,6,5,4,6,4,6,6,6,6,6,6,3,1,AA,2,1,1,1,1,0,2,0,0,0,0,0,0,1,0,0,1,18,,Katie,11/16/18,Phillip,
318,11/14/18,2:30,Phillip,F,S,AF,3,B,1,4,5,4,5,4,4,5,5,4,4,4,5,5,A,AA,2,1,5,5,5,5,5,4,4,5,5,5,4,4,3,2,AA,1,1,2,2,2,0,2,0,0,0,0,0,0,1,0,0,2,5,,Katie,11/16/18,Phillip,
319,11/14/18,2:30,Phillip,E,A,AF,1,A,1,3,3,1,3,5,5,4,4,4,4,4,5,3,B,AA,2,1,2,3,2,4,5,4,2,2,2,4,4,4,4,1,AF,1,1,2,1,1,0,2,0,0,0,0,0,0,1,0,0,1,18,P 318 opened their door while I was introducing study to 319,Katie,11/16/18,Phillip,
320,11/14/18,3:00,Phillip,F,S,AF,1,A,1,6,7,7,7,7,6,7,6,7,6,6,5,3,B,AA,1,1,6,7,7,7,7,6,6,5,6,6,6,4,5,2,AA,1,1,2,1,2,0,2,0,0,0,0,0,0,1,0,0,1,18,,Katie,11/16/18,Phillip,
321,11/14/18,3:00,Phillip,D,S,AF,4,B,1,6,6,7,6,6,6,7,5,5,4,4,4,4,A,AA,2,1,6,7,7,6,6,6,5,5,5,4,4,4,4,2,AA,1,1,2,1,1,0,2,0,0,0,0,0,0,1,0,0,1,20,,Katie,11/16/18,Phillip,
322,11/14/18,3:00,Phillip,E,S,AA,1,A,1,7,7,6,6,6,6,5,4,4,5,5,4,4,B,AF,4,1,7,7,6,6,6,6,6,6,6,5,5,4,4,2,AF,2,1,1,1,2,0,2,0,0,0,0,0,0,1,0,0,1,18,,Katie,11/16/18,Phillip,
323,11/14/18,3:30,Phillip,F,C,AF,1,B,1,7,7,7,7,6,7,7,7,7,7,7,7,3,A,AA,1,1,7,6,7,7,7,7,4,5,3,5,7,4,4,2,AA,1,1,2,1,2,0,2,0,0,0,0,0,0,1,0,0,1,18,,Katie,11/16/18,Phillip,
324,11/14/18,3:30,Phillip,E,A,AA,4,B,1,6,7,5,6,7,7,3,4,3,6,6,6,3,A,AF,2,1,6,7,5,6,7,7,7,7,7,6,6,6,3,2,AF,2,2,1,1,2,0,2,1,0,0,0,0,0,1,0,0,1,19,,Katie,11/16/18,Phillip,
325,11/14/18,4:00,Phillip,F,C,AA,3,A,1,7,7,7,7,7,7,7,4,4,5,5,4,4,B,AF,1,1,7,7,7,7,7,5,5,4,6,4,4,4,4,1,AA,2,1,7,1,2,0,2,0,0,0,0,0,0,1,0,0,1,18,,Phillip,11/26/18,Katie,
326,11/14/18,4:00,Phillip,E,S,AA,2,A,,5,7,6,6,6,7,7,4,4,5,5,5,3,B,AF,1,,5,7,6,6,6,6,7,7,7,5,5,5,3,2,AF,2,2,1,1,2,0,2,0,0,0,0,0,0,1,0,0,1,21,,Phillip,11/26/18,Katie,
327,11/14/18,4:00,Phillip,D,C,AF,1,B,1,6,7,5,5,5,5,5,5,5,3,3,3,3,A,AA,3,1,6,7,6,6,5,5,5,5,5,3,3,3,3,2,AA,1,1,2,1,2,0,2,0,0,0,0,0,0,1,0,0,1,19,,Phillip,11/26/18,Katie,
328,11/16/18,1:30,Phillip,F,C,AA,4,B,1,5,7,5,5,6,6,7,4,4,4,4,4,4,A,AF,2,1,5,7,5,6,5,5,7,5,6,4,4,4,4,2,AF,2,1,1,1,2,0,2,0,0,0,0,0,0,1,0,0,1,18,,Phillip,11/26/18,Katie,
329,11/16/18,2:00,Phillip,F,A,AA,3,B,1,4,5,3,4,5,5,4,5,6,4,4,3,5,A,AF,1,1,4,5,5,5,5,5,5,6,6,5,5,5,3,2,AF,2,1,1,1,1,0,2,0,0,0,0,0,0,1,0,0,1,19,,Phillip,11/26/18,Katie,
330,11/16/18,2:00,Phillip,E,A,AF,4,A,1,6,7,7,6,7,6,5,6,7,5,5,4,6,B,AA,2,1,5,6,5,6,7,7,5,6,5,5,5,5,4,1,AF,1,1,2,1,2,0,2,0,0,0,0,0,0,1,0,0,1,19,,Phillip,11/26/18,Katie,
331,11/16/18,2:00,Phillip,D,S,AA,4,A,1,6,6,6,7,5,5,5,3,4,6,6,3,3,B,AF,1,1,6,6,6,6,5,5,5,3,5,6,6,3,3,1,AA,4,1,1,1,2,0,2,0,0,0,0,0,0,1,0,0,1,18,,Phillip,11/26/18,Katie,
332,11/16/18,2:30,Phillip,F,A,AF,3,A,1,6,7,5,6,7,7,7,7,7,6,6,5,2,B,AA,1,1,6,7,7,7,7,7,5,6,5,6,6,4,4,2,AA,1,1,2,1,2,0,2,0,0,0,0,0,0,1,0,0,1,19,,Phillip,11/26/18,Katie,Changed res1_q5 to from 6.5 to 7
333,11/16/18,2:30,Phillip,E,A,AA,2,B,1,3,3,3,5,7,5,2,5,5,4,4,4,4,A,AF,1,1,5,5,5,5,7,5,5,7,7,4,4,4,4,2,AF,2,1,1,1,1,0,2,0,0,0,0,0,0,1,0,0,1,19,,Phillip,11/26/18,Katie,
334,11/16/18,3:30,Phillip,F,S,AA,4,B,1,5,5,4,4,4,5,5,5,5,4,4,4,4,A,AF,1,1,5,5,4,4,5,5,5,5,5,4,4,4,4,2,AF,2,1,1,1,2,0,2,0,0,0,0,0,0,1,0,0,1,19,,Phillip,11/26/18,Katie,
335,11/16/18,3:30,Phillip,E,S,AA,4,B,1,5,7,5,5,6,6,3,2,2,5,5,3,5,A,AF,4,1,6,7,6,6,7,6,6,6,7,6,5,6,3,2,AF,2,1,1,1,1,0,2,0,0,0,0,0,0,1,0,0,1,18,,Phillip,11/26/18,Katie,
336,11/16/18,4:00,Phillip,F,S,AF,2,A,1,2,5,4,3,5,2,5,5,5,5,4,5,3,B,AA,4,1,5,6,5,5,5,5,3,3,2,4,4,4,4,2,AA,1,1,2,1,2,0,2,0,0,0,0,0,0,1,0,0,1,19,,Phillip,11/26/18,Katie,
337,11/19/18,12:30,Laura B,1,A,AA,2,A,1,6,6,6,7,6,7,6,6,5,6,6,5,5,B,AF,3,1,7,7,7,6,6,6,7,7,7,7,6,5,5,2,AF,2,1,1,1,1,0,2,0,0,0,0,0,0,1,0,0,1,20,,Phillip,11/26/18,Katie,Changed room from 2 to 1
338,11/19/18,1:10,Laura B,1,C,AA,4,B,1,6,7,6,6,6,6,5,4,5,6,6,5,4,A,AF,3,,6,7,6,6,6,6,6,6,6,6,6,6,5,1,AA,2,1,1,1,2,0,2,0,0,0,0,0,0,1,0,0,2,8,,Phillip,11/26/18,Ivy,
339,11/19/18,2:00,Laura B,1,A,AF,3,B,1,7,7,7,7,7,6,7,6,6,5,6,4,3,A,AA,2,1,6,7,6,7,7,7,6,4,4,3,6,6,5,1,AF,1,1,2,1,2,0,2,0,0,0,0,0,0,1,0,0,1,19,,Phillip,11/26/18,Ivy,
340,11/19/18,2:00,Laura B,2,S,AA,1,B,1,6,7,6,6,7,5,4,3,4,4,4,4,2,A,AF,1,1,6,7,6,6,6,4,4,4,5,4,4,5,3,2,AF,2,1,1,1,2,0,2,0,0,0,0,0,0,1,0,0,1,18,,Phillip,11/26/18,Ivy,
341,11/19/18,2:30,Phillip,F,A,AF,1,A,1,5,6,5,6,6,6,5,5,5,6,6,6,2,B,AA,4,1,6,6,6,6,6,6,4,3,4,6,6,5,3,1,AF,1,1,2,2,2,0,2,0,0,0,0,0,0,1,0,0,1,19,,Phillip,11/26/18,Ivy,
342,11/19/18,3:00,Phillip,F,S,AF,3,B,1,7,7,7,7,7,7,6,6,5,5,5,5,2,A,AA,3,1,7,7,7,7,7,7,5,5,4,7,5,5,2,2,AA,1,1,2,1,2,0,2,0,0,0,0,0,1,0,0,0,2,15,,Phillip,11/26/18,Ivy,Changed res1_q9-res1_12 from 4 to 5 and res2_q9 to 4
343,11/19/18,3:00,Phillip,E,C,AF,4,A,1,4,6,5,4,6,5,5,3,6,3,3,5,2,B,AA,3,1,5,6,5,6,6,6,4,3,2,3,4,4,2,2,AA,1,1,2,1,2,0,2,0,0,0,0,0,0,1,0,0,1,18,,Phillip,11/26/18,Ivy,
344,11/19/18,3:30,Phillip,F,C,AF,2,A,1,6,7,6,6,5,5,6,4,4,4,4,4,4,B,AA,2,1,6,7,6,6,5,5,6,4,4,4,4,4,4,1,AF,1,1,2,1,2,0,2,0,0,0,0,0,0,1,0,0,1,,,Phillip,11/26/18,Ivy,
345,11/19/18,4:00,Phillip,F,S,AF,1,B,1,6,7,7,7,7,7,6,6,6,5,5,4,4,A,AA,3,1,6,7,7,7,7,7,6,6,6,5,5,4,4,2,AA,1,1,2,1,2,0,2,0,0,0,0,0,0,1,0,0,1,19,,Phillip,11/26/18,Ivy,
346,11/19/18,5:00,Phillip,F,C,AA,2,A,1,6,7,7,7,6,6,5,4,4,4,4,4,4,B,AF,3,1,7,7,7,7,6,6,5,6,5,4,4,4,4,2,AF,2,1,1,1,2,0,2,0,0,0,0,0,0,1,0,0,1,18,,Phillip,11/26/18,Ivy,
347,11/20/18,11:30,Katie,F,A,AA,1,B,1,6,6,4,5,7,7,3,2,4,6,6,7,3,A,AF,3,1,5,5,6,6,5,5,6,6,6,6,6,6,2,2,AF,2,1,1,1,2,0,2,0,0,0,0,0,0,1,0,0,2,11,,Phillip,11/26/18,Ivy,Changed res1_q5 and res1_q6 to 7
348,11/20/18,11:30,Katie,E,A,AF,3,A,1,7,7,5,6,5,5,7,7,7,5,5,6,2,B,AA,2,1,7,7,6,6,5,7,7,7,6,5,5,6,2,2,AA,1,1,2,2,1,0,2,0,0,0,0,0,0,1,0,0,1,19,,Phillip,11/26/18,Henry,
349,11/20/18,12:00,Katie,F,C,AA,1,A,1,6,7,6,6,5,5,5,4,3,5,5,6,3,B,AF,4,1,5,6,5,5,5,5,6,6,5,5,5,5,3,1,AA,2,1,1,1,1,0,2,0,0,0,0,0,0,1,0,0,1,19,,Phillip,11/26/18,Henry,
350,11/20/18,12:00,Katie,E,A,AF,4,A,1,7,7,7,5,6,6,6,7,7,6,6,6,3,B,AA,3,1,6,6,7,7,7,5,4,3,2,6,6,6,2,2,AA,1,1,2,1,1,0,2,0,0,0,0,0,0,1,0,0,1,18,,Phillip,11/26/18,Henry,
351,11/20/18,12:00,Katie,D,S,AF,1,B,1,7,7,7,7,7,7,7,7,7,7,7,7,4,A,AA,4,1,7,7,7,7,7,7,3,2,2,7,7,3,7,1,AF,1,1,2,1,2,0,2,0,0,0,0,0,0,1,0,0,1,18,,Phillip,11/26/18,Henry,
352,11/20/18,1:30,Katie,F,C,AA,3,B,1,5,7,5,6,6,6,5,4,4,5,5,6,3,A,AF,4,1,5,7,5,6,6,6,6,6,6,5,5,6,3,2,AF,2,1,1,1,2,0,2,0,0,0,0,0,0,1,0,0,1,21,,Phillip,11/26/18,Henry,
353,11/21/18,2:30,Phillip,F,A,AF,3,A,1,4,4,5,5,6,6,7,7,7,7,7,7,1,B,AA,3,1,7,7,7,6,6,5,5,4,7,7,7,5,3,2,AA,1,1,2,2,2,0,2,0,0,0,0,0,0,1,0,0,1,22,,Ahmed,11/29/18,Phillip,
354,11/21/18,3:00,Phillip,F,C,AA,2,B,1,6,6,6,6,7,7,5,5,4,4,4,4,4,A,AF,2,1,6,6,5,6,6,5,6,5,5,4,4,4,4,1,AA,2,1,1,1,2,0,2,0,0,0,0,0,0,1,0,0,2,12,,Ahmed,11/29/18,Phillip,
355,11/26/18,2:30,Phillip,F,C,AF,4,A,1,6,7,7,7,7,6,6,6,6,6,6,6,3,B,AA,2,1,6,7,7,7,7,7,4,2,2,6,6,4,4,1,AF,1,1,2,2,2,0,2,0,0,0,0,0,0,1,0,0,1,18,,Ahmed,11/29/18,Phillip,
356,26-Nov,2:30,Phillip,E,A,AA,1,A,1,5,5,6,6,6,6,6,7,7,7,7,,,B,AF,4,1,5,6,6,6,6,6,7,7,7,7,7,,,2,AF,2,1,1,1,2,0,2,0,0,0,0,0,0,1,0,0,1,,,Ahmed,11/30/18,Phillip,Packet was put together incorrectly; both resumes are before the questions
357,11/26/18,2:30,Phillip,D,C,AF,4,B,1,5,6,6,6,6,6,6,5,4,6,6,6,3,A,AA,3,1,6,6,6,6,6,6,6,5,4,6,6,6,4,1,AF,1,1,2,1,2,0,2,0,0,0,0,0,0,1,0,0,1,18,,Ahmed,11/30/18,Phillip,
358,11/26/18,2:30,Phillip,C,C,AF,3,A,,6,6,5,5,6,6,7,6,7,4,4,5,3,B,AA,1,,6,6,6,6,7,6,6,5,2,5,6,4,3,2,AA,1,1,2,1,1,0,2,0,0,0,0,0,0,1,0,0,1,18,,Maria,11/30/18,Phillip,
359,11/26/18,4:00,Phillip,F,S,AA,1,A,1,6,6,5,5,5,5,7,4,4,6,6,5,2,B,AF,3,1,6,6,6,6,6,5,7,7,7,6,6,5,2,2,AF,2,1,1,1,1,0,2,0,0,0,0,0,0,1,0,0,2,15,,Maria,11/30/18,Phillip,
360,11/26/18,4:30,Phillip,F,A,AA,4,A,1,6,7,7,7,7,7,5,4,2,4,4,5,2,B,AF,2,1,6,7,7,6,6,7,7,7,7,4,4,4,4,2,AF,2,1,7,1,2,0,2,0,0,1,0,0,0,1,0,0,1,18,,Maria,11/30/18,Phillip,
361,11/27/18,12:30,Katie,F,S,AF,3,B,1,4,6,4,5,4,5,6,3,3,4,4,4,4,A,AA,4,1,5,7,5,5,4,5,3,2,4,4,4,4,4,2,AA,1,1,2,1,1,0,2,0,0,0,0,0,0,1,0,0,1,18,Seemed to know P362 + 363,Maria,11/30/18,Phillip,
362,11/27/18,12:30,Katie,E,S,AA,3,A,1,5,7,,5,4,,7,6,6,5,5,4,4,B,AF,2,1,7,7,7,6,6,6,7,7,7,6,6,5,3,2,AF,2,1,1,1,1,0,2,0,0,0,0,0,0,1,0,0,1,18,Seemed to know P363 + 361,Maria,11/30/18,Phillip,
363,11/27/18,12:30,Katie,D,C,AF,1,A,1,5,4,5,6,6,6,7,7,7,7,7,4,4,B,AA,2,1,4,5,5,5,6,6,4,2,4,7,7,4,4,2,AA,1,1,2,1,1,0,2,0,0,0,0,0,0,1,0,0,1,18,Seemed to know P 362 + 361,Maria,11/30/18,Phillip,
364,11/27/18,1:00,Katie,F,C,AF,3,B,1,5,5,6,5,4,4,6,6,7,7,5,4,4,A,AA,1,1,4,4,5,3,6,6,3,2,4,3,5,5,2,1,AF,1,1,2,1,1,0,2,0,0,0,0,0,0,1,0,0,1,18,Seemed to know P 365 + 366,Maria,11/30/18,Phillip,
365,11/27/18,1:00,Katie,E,A,AF,3,B,1,6,7,6,6,6,6,5,5,5,5,5,5,2,A,AA,4,1,6,7,5,5,6,6,5,4,5,5,5,,3,1,AF,1,1,2,1,2,0,2,0,0,0,0,0,0,1,0,0,1,19,Seemed to know P 364 + 366,Maria,11/30/18,Phillip,
366,11/27/18,1:00,Katie,D,A,AF,4,B,1,5,6,,5,6,5,7,5,7,3,5,4,4,A,AA,4,1,5,6,4,5,6,6,3,3,6,4,5,4,4,1,AF,7,1,2,1,2,0,2,0,0,0,0,0,0,1,0,0,1,18,Seemed to know P 365 + 364,Maria,11/30/18,Phillip,
367,11/27/18,4:30,Katie,F,S,AF,2,A,1,5,7,6,5,7,6,7,4,7,4,4,3,5,B,AA,1,1,5,7,5,5,7,4,2,1,5,4,4,5,3,1,AF,1,1,2,1,1,0,2,0,0,0,0,0,0,1,0,0,1,18,Knew P 368; I was a little late (5 min),Maria,11/30/18,Phillip,
368,11/27/18,4:30,Katie,E,A,AA,2,A,1,4,6,4,4,7,6,6,2,5,5,4,4,4,B,AF,4,1,5,5,5,5,7,6,6,6,6,4,4,4,4,1,AA,2,2,1,1,1,0,2,0,0,0,0,0,0,1,0,0,1,19,Knew P 367; I was a little late (5 min),Maria,11/30/18,Phillip,
369,11/28/18,3:00,Phillip,F,S,AF,3,A,1,7,7,7,7,7,6,7,7,5,5,5,5,3,B,AA,3,1,7,7,7,7,7,7,7,6,5,5,5,4,3,2,AA,1,1,2,1,2,0,2,0,0,0,0,0,0,1,0,0,1,18,,Phillip,12/3/18,Henry,
370,11/28/18,3:00,Phillip,E,A,AF,1,A,1,5,5,5,5,5,5,5,5,5,4,5,3,5,B,AA,1,1,5,5,5,5,5,5,4,3,3,5,5,4,4,1,AF,1,1,2,1,1,0,2,0,0,0,0,0,0,1,0,0,1,19,,Phillip,12/3/18,Henry,
371,11/28/18,3:30,Phillip,F,C,AF,4,B,1,4,6,7,7,5,7,7,7,7,5,5,4,4,A,AA,4,1,5,5,6,6,7,6,6,6,5,6,6,4,4,1,AF,1,1,2,1,2,0,2,0,0,0,0,0,0,1,0,0,1,19,,Phillip,12/3/18,Henry,
372,11/29/18,11:30,Laura B,F,C,AA,2,A,1,7,7,6,7,6,7,5,4,4,5,5,6,4,B,AF,2,1,7,7,5,5,6,7,6,6,7,5,5,4,4,1,AA,2,3,1,1,1,0,2,0,0,0,0,0,0,1,0,0,1,21,,Phillip,12/3/18,Henry,
373,11/29/18,12:00,Laura B,F,C,AF,2,B,1,6,6,7,7,7,6,5,4,5,6,7,4,4,A,AA,3,1,6,6,6,7,7,6,4,4,4,6,6,4,4,1,AF,1,1,2,1,2,0,2,0,0,0,0,0,0,1,0,0,1,18,,Phillip,12/3/18,Henry,
374,11/29/18,12:00,Laura B,E,A,AA,1,B,1,5,5,5,5,6,6,5,5,5,5,5,4,4,A,AF,4,1,5,5,5,5,6,6,5,5,7,5,5,4,4,4,,2,1,1,1,2,0,2,0,0,0,0,0,0,1,0,0,1,18,,Phillip,12/3/18,Henry,
375,11/29/18,1:00,Laura B,F,C,AF,1,B,1,5,7,5,4,6,6,4,4,6,4,3,3,4,A,AA,4,1,5,7,5,5,5,6,4,4,5,4,4,4,3,1,AF,1,1,2,1,1,0,2,0,0,0,0,0,0,1,0,0,1,18,,Phillip,12/3/18,Henry,
376,11/29/18,2:00,Laura B,F,C,AA,1,B,1,6,7,6,6,6,6,6,5,3,6,7,4,4,A,AF,3,1,6,7,6,6,5,6,6,6,6,6,7,4,4,1,AA,2,1,7,1,1,0,2,0,0,0,0,0,0,1,0,0,1,19,,Phillip,12/3/18,Henry,
377,11/30/18,2:00,Katie,F,S,AF,3,A,1,5,6,5,5,6,5,7,7,7,6,6,6,2,B,AA,2,1,5,6,6,5,6,5,5,2,4,5,6,5,2,1,AF,1,1,2,1,2,0,2,0,0,0,0,0,0,1,0,0,1,18,,Katie,12/6/18,Henry,
378,11/30/18,2:30,Katie,F,S,AA,2,A,1,5,5,5,6,6,7,6,5,5,6,5,4,4,B,AF,4,1,5,5,5,6,6,6,7,7,7,6,6,5,3,1,AA,2,2,1,1,2,0,2,0,0,0,0,0,1,0,0,0,1,18,,Katie,12/6/18,Phillip,
379,11/30/18,2:30,Katie,E,S,AF,1,B,,5,7,6,6,6,6,6,5,5,4,4,4,4,A,AA,1,,5,7,6,6,6,6,5,4,4,4,4,4,4,1,AF,1,1,2,1,2,0,2,0,0,0,0,0,0,1,0,0,1,19,,Katie,12/6/18,Phillip,
380,11/30/18,2:30,Katie,D,S,AF,2,B,1,6,6,6,6,7,7,6,5,5,4,4,3,3,A,AA,3,1,6,6,6,6,7,6,5,4,4,4,4,3,3,2,AA,1,1,2,1,2,0,2,0,0,0,0,0,1,1,0,0,2,17.5,,Katie,12/6/18,Phillip,
381,12/3/18,2:30,Phillip,F,S,AA,4,B,1,6,7,6,5,7,5,3,4,3,4,4,5,3,A,AF,2,1,5,6,5,5,7,6,7,7,7,4,4,4,4,1,AA,2,1,7,1,2,0,2,0,0,0,0,0,0,1,0,0,1,18,,Katie,12/6/18,Phillip,
382,12/3/18,2:30,Phillip,E,S,AF,2,A,1,7,7,7,7,7,7,7,7,7,7,7,5,4,B,AA,2,1,7,7,7,7,7,7,7,7,7,6,7,5,6,1,AF,1,1,2,1,2,0,2,0,0,0,0,0,0,1,0,0,1,19,Pen was broken,Katie,12/6/18,Phillip,
383,12/3/18,2:30,Phillip,D,C,AA,1,B,1,6,7,6,6,6,5,5,4,4,4,4,4,4,A,AF,4,1,6,7,6,6,6,6,6,6,6,4,4,4,4,2,AF,2,1,1,1,1,0,2,0,0,0,0,0,0,1,0,0,1,19,,Katie,12/6/18,Phillip,
384,12/3/18,3:00,Phillip,F,C,AA,2,A,1,5,7,6,6,6,6,7,6,5,7,6,7,2,B,AF,1,1,5,7,6,6,6,6,7,7,7,7,6,6,5,1,AA,2,1,7,1,2,0,2,0,0,0,0,0,1,0,0,0,1,18,,Katie,12/6/18,Phillip,
385,12/3/18,3:00,Phillip,E,C,AA,1,B,1,6,7,6,6,7,6,5,5,4,4,4,4,3,A,AF,2,1,5,7,5,5,5,5,7,6,7,6,5,4,4,1,AA,2,1,1,1,2,0,2,0,0,0,0,0,0,1,0,0,1,18,,Katie,12/6/18,Phillip,
386,12/4/18,11:30,Katie,F,A,AF,1,B,1,6,7,7,6,6,6,6,7,7,6,6,6,3,A,AA,4,1,6,7,7,6,6,7,5,4,5,6,6,4,6,1,AF,1,1,2,1,1,0,2,0,0,0,0,0,0,1,0,0,1,19,Stapled wrong- resumes one right after the pther,Katie,12/6/18,Phillip,Packet was put together incorrectly; both resumes are before the questions
387,12/4/18,12:30,Katie,F,C,AF,4,A,1,5,6,5,5,6,6,6,6,6,3,4,3,4,B,AA,2,1,5,6,5,5,6,5,4,4,5,4,4,4,4,1,AF,1,1,2,1,1,0,2,0,0,0,0,0,1,0,0,0,1,19,,Katie,12/6/18,Phillip,
388,12/4/18,12:30,Katie,E,A,AF,3,B,1,6,6,7,6,5,5,4,5,6,4,4,3,5,A,AA,2,1,4,5,6,6,7,6,5,4,3,6,6,5,4,1,AF,1,1,2,1,1,0,2,0,0,0,0,0,0,1,0,0,1,18,,Phillip,12/7/18,Jillian,
389,12/5/18,3:00,Phillip,F,A,AA,4,A,1,3,5,2,3,6,6,4,3,2,4,4,5,3,B,AF,3,1,5,6,6,6,5,5,7,7,7,4,5,4,4,2,AF,2,1,1,1,1,0,2,0,0,0,0,0,0,1,0,0,1,18,,Phillip,12/7/18,Jillian,
390,12/6/18,11:30,Katie,F,C,AF,2,B,1,6,7,5,7,6,6,6,7,7,5,6,2,5,A,AA,1,1,5,6,5,5,7,5,5,4,1,6,6,5,2,1,AF,1,1,2,2,1,0,2,0,0,0,0,0,0,1,0,0,1,18,,Phillip,12/7/18,Jillian,
391,12/6/18,1:30,Katie,F,A,AA,2,A,1,4,4,3,3,5,4,4,2,3,5,5,5,2,B,AF,4,1,4,5,5,5,6,5,4,4,4,4,5,6,2,2,AF,2,1,1,1,1,0,2,0,0,0,0,0,0,1,0,0,1,18,,Phillip,12/7/18,Jillian,
392,12/7/18,12:30,Katie,F,S,AF,2,B,1,6,7,6,6,7,6,6,6,6,5,5,5,4,A,AA,1,1,5,6,6,6,5,5,3,4,3,5,5,6,4,1,AF,1,1,2,1,1,0,2,0,0,0,0,0,0,1,0,0,1,18,,Phillip,12/10/18,Jillian,"Packet was put together incorrectly, the first resume and question set were switched"
393,12/7/18,12:30,Katie,E,S,AF,2,A,1,6,6,7,7,7,7,7,7,7,7,7,5,2,B,AA,4,1,6,6,7,7,7,7,7,4,5,7,7,4,4,1,AF,1,1,2,,2,0,2,0,0,0,0,0,0,1,0,0,1,18,,Phillip,12/10/18,Jillian,
394,12/7/18,1:00,Katie,F,C,AF,2,A,1,5,7,5,5,7,6,6,6,6,4,3,2,5,B,AA,2,1,5,7,5,5,6,6,5,5,1,4,4,2,3,2,AA,1,1,2,1,2,0,2,0,0,0,0,0,0,1,0,0,1,20,,Phillip,12/10/18,Jillian,
395,12/7/18,1:30,Katie,F,S,AF,2,A,1,5,6,6,7,6,7,7,4,5,5,5,4,4,B,AA,3,1,5,6,6,7,6,7,7,6,5,6,5,4,4,1,AF,1,1,2,1,2,0,2,0,0,0,0,0,0,1,0,0,1,19,,Phillip,12/10/18,Jillian,
396,12/7/18,2:00,Katie,F,A,AF,4,A,1,4,5,4,5,6,5,4,6,6,4,4,5,3,B,AA,1,1,4,5,4,5,6,6,5,5,4,4,4,5,4,1,AF,1,1,2,1,2,0,2,0,0,0,0,0,0,1,0,0,1,21,,Phillip,12/10/18,Jillian,
397,12/7/18,2:30,Katie,F,A,AA,4,B,1,5,5,5,6,5,6,5,5,5,4,4,4,4,A,AF,2,1,5,5,5,6,5,5,6,6,6,4,4,4,4,1,AA,2,2,4,1,2,0,2,0,0,0,0,0,0,1,0,0,2,7,,Phillip,12/10/18,Jillian,
398,12/7/18,2:30,Katie,E,A,AA,4,B,1,6,7,6,7,7,7,5,5,5,6,6,4,4,A,AF,4,1,6,7,6,6,6,6,6,5,5,6,6,4,4,2,AF,2,1,7,1,2,0,2,0,0,0,0,0,0,1,0,0,1,18,,Phillip,12/10/18,Jillian,
399,12/7/18,3:00,Katie,F,A,AF,4,A,1,5,5,5,6,7,7,5,7,7,6,5,4,4,B,AA,1,1,5,5,5,6,7,7,4,5,4,6,6,4,3,1,AF,1,1,2,1,2,0,2,0,0,0,0,0,1,0,0,0,2,2.5,,Phillip,12/10/18,Jillian,
400,12/7/18,3:00,Katie,E,C,AF,3,B,,5,7,7,6,7,7,7,7,7,3,4,4,4,A,AA,3,1,6,7,6,6,7,7,6,4,4,4,4,3,5,2,AA,1,1,2,1,1,0,2,0,0,0,0,0,0,1,0,0,1,18,,Phillip,12/10/18,Jillian,
401,12/7/18,3:30,Phillip,F,A,AA,1,A,1,4,5,4,6,7,6,4,6,6,6,6,7,2,B,AF,4,1,5,5,6,6,7,6,6,6,6,6,6,3,7,2,AF,2,1,1,1,2,0,2,0,0,0,0,0,0,1,0,0,1,18,,Phillip,12/10/18,Jillian,
402,1/11/19,11:30,Phillip,F,C,AF,1,B,1,7,7,7,7,7,7,7,6,6,4,4,6,3,A,AA,3,1,7,7,7,7,7,7,7,4,4,4,4,5,3,1,AF,1,1,2,1,2,0,2,0,0,0,0,0,0,1,0,0,1,21,,Jillian,1/14/19,Ahmed,
403,1/11/19,11:30,Phillip,D,C,AF,3,A,1,6,7,6,5,6,4,5,5,5,4,4,4,4,B,AA,2,1,5,7,5,5,5,4,5,5,5,4,4,4,4,2,AA,1,1,2,2,2,0,2,0,0,0,0,0,0,1,0,0,1,21,Left participant alone briefly while they read info statement ,Phillip,1/16/19,Jillian,
404,1/11/19,11:30,Phillip,C,A,AF,3,A,1,7,7,6,6,6,7,6,6,7,6,6,,,B,AA,2,,6,6,6,6,6,7,5,4,4,6,6,,,2,AA,1,1,2,1,1,0,2,0,0,0,0,0,0,1,0,0,2,1,Left participant alone briefly while they read info statement ,Henry,1/16/19,Jillian,
405,1/11/19,1:30,Phillip,F,A,AA,3,A,1,4,4,6,6,6,6,6,6,5,4,4,4,4,B,AF,3,1,4,4,6,6,6,6,6,6,6,5,5,4,4,2,AF,2,1,1,1,1,0,2,0,0,0,0,0,0,1,0,0,1,20,Misplaced participants name so they were confused if they were at the right study or not,Henry,1/16/19,Jillian,
406,1/11/19,1:30,Phillip,E,C,AA,1,A,1,6,6,6,6,5,5,3,3,3,5,4,5,2,B,AF,4,1,5,6,5,4,5,4,5,5,6,4,4,5,2,1,AA,2,2,7,1,1,0,2,0,0,0,0,1,0,1,0,0,1,19,,Henry,1/16/19,Jillian,Incorrect packet. Resume 1 should be AA4 instead of AA1.; Randomization ERROR (of name)
407,1/11/19,1:30,Phillip,D,A,AF,3,B,1,3,3,2,3,4,3,3,3,3,3,3,3,3,A,AA,4,1,2,2,2,2,4,2,2,3,4,4,4,4,4,1,AF,7,1,2,2,2,0,2,0,0,0,0,0,0,1,0,0,2,1,,Henry,1/16/19,Jillian,
408,1/11/19,1:30,Phillip,C,A,AF,2,B,1,3,4,3,6,5,6,4,4,7,6,5,4,4,A,AA,1,1,3,5,6,6,6,6,6,4,6,5,5,4,4,2,AA,1,1,2,2,1,0,2,0,0,0,0,0,0,1,0,0,1,20,,Henry,1/16/19,Jillian,
409,1/11/19,1:30,Phillip,K,S,AF,4,A,1,5,7,5,6,4,6,7,6,6,5,5,3,5,B,AA,4,1,5,7,6,6,5,6,4,3,3,4,6,3,5,2,AA,1,1,2,1,2,0,2,0,0,0,0,0,0,1,0,0,1,18,,Jillian,1/17/19,Ahmed,
410,1/11/19,2:30,Phillip,F,S,AA,4,A,1,5,6,7,6,6,6,6,5,5,5,5,4,5,B,AF,4,1,7,6,6,6,6,6,7,7,7,6,5,5,3,2,AF,2,1,1,1,1,0,2,0,0,0,0,0,0,1,0,0,1,18,,Jillian,1/17/19,Ahmed,
411,1/11/19,2:30,Phillip,E,A,AA,4,A,1,5,5,5,5,6,6,2,2,2,3,5,5,2,B,AF,4,1,5,7,6,5,7,6,6,6,6,3,4,3,5,2,AF,2,1,1,1,2,0,2,0,0,0,0,0,0,1,0,0,1,18,,Jillian,1/17/19,Ahmed,
412,1/11/19,2:30,Phillip,D,C,AF,2,B,1,5,5,4,5,6,5,5,5,5,4,4,5,3,A,AA,2,1,5,5,6,6,6,5,3,2,3,4,4,4,5,1,AF,7,1,2,1,1,0,2,0,0,0,0,0,0,1,0,0,2,0.5,,Jillian,1/18/19,Ahmed,
413,1/11/19,3:00,Phillip,F,C,AF,4,A,1,3,4,4,3,4,4,6,6,6,6,6,6,1,B,AA,4,1,5,6,5,6,5,5,2,1,4,3,5,4,3,2,AA,7,1,2,1,1,0,2,0,0,0,0,0,1,0,0,0,2,0.5,,Jillian,1/18/19,Ahmed,
414,1/11/19,3:00,Phillip,E,S,AA,2,B,1,7,7,7,7,6,6,5,4,4,5,5,4,4,A,AF,2,1,7,7,7,7,6,6,7,7,7,5,5,4,4,2,AF,2,1,1,1,2,0,2,0,0,0,0,0,0,1,0,0,1,19,,Jillian,1/18/19,Ahmed,
415,1/14/19,1:00,Jillian,F,S,AA,2,A,1,6,6,6,6,6,6,5,2,2,5,5,5,2,B,AF,2,1,6,6,6,6,6,6,6,6,6,6,6,3,5,2,AF,2,1,7,1,2,0,2,0,0,0,0,0,0,1,0,0,1,19,Some confusion as someone else showed up for the wrong study,Jillian,1/18/19,Ahmed,
416,1/14/19,1:00,Jillian,E,A,AA,1,A,1,3,6,5,5,6,5,3,2,2,5,5,4,4,B,AF,3,1,5,6,5,5,5,5,6,6,5,4,5,4,4,2,AF,2,1,1,1,1,0,2,0,0,0,0,0,0,1,0,0,1,18,Some confusion as someone else showed up for the wrong study,Jillian,1/18/19,Ahmed,
417,1/14/17,1:30,Jillian,F,C,AA,3,B,1,4,7,6,6,6,5,6,6,6,4,4,4,4,A,AF,2,1,4,7,6,6,6,6,6,6,6,4,4,4,4,1,AA,2,1,1,1,2,0,2,0,0,0,0,0,0,1,0,0,1,18,,Jillian,1/18/19,Ahmed,
418,1/14/19,1:30,Jillian,E,C,AA,1,B,1,5,7,6,6,5,5,4,1,2,5,5,3,5,A,AF,2,1,5,6,6,6,5,5,4,4,4,5,5,4,6,2,AF,2,2,1,1,2,0,2,0,0,0,0,0,0,1,0,0,1,18,,Jillian,1/18/19,Ahmed,
419,1/15/19,11:30,Jillian,F,S,AF,4,A,1,5,6,5,5,6,6,7,6,6,5,4,5,3,B,AA,4,1,6,6,5,5,6,6,6,5,4,5,4,4,3,2,AA,1,1,2,1,2,0,2,0,0,0,0,0,0,1,0,0,1,18,,Jillian,1/18/19,Phillip,
420,1/15/19,11:30,Jillian,E,A,AA,1,A,1,5,5,4,3,4,4,2,2,2,7,5,3,5,B,AF,2,1,5,5,4,4,3,4,5,5,7,7,4,3,6,2,AF,2,2,1,1,2,0,2,0,0,0,0,0,0,1,0,0,1,18,,Jillian,1/18/19,Phillip,
421,1/15/19,12:30,Jillian,F,S,AF,4,A,1,5,7,5,6,4,6,7,5,5,4,4,4,4,B,AA,4,1,5,7,5,5,4,5,4,4,2,4,4,4,4,1,AF,1,1,2,1,1,0,2,0,0,0,0,0,0,1,0,0,1,21,,Jillian,1/18/19,Phillip,
422,1/16/19,12:30,Jillian,F,S,AF,2,B,1,7,7,7,5,5,7,7,7,7,7,7,5,6,A,AA,4,1,7,7,7,7,7,7,5,4,4,7,7,6,3,1,AF,1,1,2,1,2,0,2,0,0,0,0,0,0,1,0,0,1,19,,Jillian,1/22/19,Phillip,
423,1/16/19,12:30,Jillian,E,S,AF,1,B,1,6,6,6,6,7,6,6,6,6,6,6,4,4,A,AA,3,1,6,6,6,6,7,6,5,4,4,5,5,4,4,1,AF,1,1,2,1,1,0,2,0,0,0,0,0,0,1,0,0,1,20,,Jillian,1/22/19,Phillip,
424,1/16/19,1:30,Jillian,F,S,AA,1,B,1,4,5,4,4,6,6,4,1,2,5,5,4,4,A,AF,3,1,4,6,5,5,6,6,6,6,6,4,4,4,4,2,AF,2,1,7,1,2,0,2,0,0,0,0,0,0,1,0,0,1,18,,Jillian,1/22/19,Phillip,
425,1/16/19,1:30,Jillian,E,C,AF,2,A,1,5,6,6,5,5,6,6,7,7,7,7,6,3,B,AA,3,1,5,5,6,5,6,6,2,3,3,5,5,6,3,2,AA,1,1,2,1,2,0,2,0,0,0,0,0,0,1,0,0,1,19,,Jillian,1/22/19,Phillip,
426,1/16/19,2:30,Laura B,F,S,AF,1,A,1,5,7,6,6,6,6,7,5,5,7,7,5,3,B,AA,4,1,6,7,6,6,7,6,5,5,5,7,7,4,4,1,AF,1,1,2,1,1,0,2,0,0,0,0,0,0,1,0,0,1,20,,Jillian,1/22/19,Phillip,
427,1/16/19,2:30,Laura B,E,A,AF,2,B,1,5,6,7,6,6,6,6,7,6,6,7,7,2,A,AA,3,1,6,7,7,5,7,6,5,4,2,6,6,6,3,1,AF,1,1,2,1,1,0,2,0,0,0,0,0,0,1,0,0,1,19,,Jillian,1/22/19,Phillip,Sibl coversheet stapled to the back of the packet
428,1/16/19,2:30,Laura B,D,A,AA,1,B,1,7,7,6,7,7,7,6,5,6,6,6,5,5,A,AF,4,1,4,4,4,4,6,5,6,6,7,5,5,5,5,1,AA,2,1,1,1,2,0,2,0,0,0,0,0,0,1,0,0,1,18,,Jillian,1/22/19,Phillip,
429,1/16/19,3:30,Phillip,F,S,AF,2,A,1,6,7,6,6,6,6,4,5,5,6,5,4,4,B,AA,3,1,6,7,6,6,6,6,5,4,4,6,5,4,4,2,AA,1,1,2,1,1,0,2,0,0,0,0,0,0,1,0,0,1,,Didn't go through follow up questions because wifi was temporarily down,Jillian,1/22/19,Phillip,
430,1/16/19,3:30,Phillip,E,S,AF,3,A,1,7,7,7,7,7,7,6,5,5,4,5,5,3,B,AA,3,1,7,7,7,7,7,7,5,5,4,4,4,5,3,1,AF,1,1,2,1,2,0,2,0,0,0,0,0,0,1,0,0,1,19,,Jillian,1/22/19,Phillip,
431,1/16/19,4:00,Phillip,F,S,AF,3,A,1,6,6,6,5,6,6,6,6,4,5,4,4,4,B,AA,4,1,6,6,6,5,6,6,5,4,4,5,4,4,4,2,AA,1,1,2,1,2,0,2,0,0,0,0,0,0,1,0,0,1,18,Participants seemed to know each other,Jillian,1/22/19,Phillip,
432,1/16/19,4:00,Phillip,E,C,AA,2,B,1,6,6,5,5,6,6,5,4,4,5,5,4,4,A,AF,4,1,6,6,6,5,5,6,5,6,6,6,6,4,4,1,AA,2,1,1,1,2,0,2,0,0,0,0,0,0,1,0,0,1,18,Partcipants seemed to know each other,Jillian,1/22/19,Phillip,Packet stapled incorrected. Resumes were next to each other in front of both of the evaluations
433,1/16/19,4:00,Phillip,D,C,AF,1,B,1,4,5,3,4,6,6,7,7,7,5,5,6,3,A,AA,4,1,6,7,6,6,5,6,4,3,3,5,5,4,3,2,AA,1,1,2,2,2,0,2,0,0,0,0,0,0,1,0,0,1,18,Participants seemed to know each other,Jillian,1/22/19,Phillip,
434,1/16/19,4:30,Phillip,F,S,AA,2,A,1,4,7,5,5,5,6,6,5,5,6,5,6,2,B,AF,1,1,5,7,7,6,6,7,6,6,6,,,5,3,2,AF,2,1,1,1,1,0,2,0,0,0,0,0,0,1,0,0,1,18,,Jillian,1/22/19,Phillip,
435,1/16/19,4:30,Phillip,E,A,AF,3,B,1,6,7,7,6,7,5,6,6,6,6,6,4,4,A,AA,3,1,6,7,6,6,7,6,6,6,6,6,6,4,4,2,AA,1,1,2,1,1,0,2,0,0,0,0,0,0,1,0,0,1,18,Interupted debriefing questions to tell me there was a card on an ethernet port,Jillian,1/22/19,Phillip,
436,1/17/19,11:30,Jillian,F,A,AF,2,A,1,5,6,7,6,5,6,6,6,6,6,6,3,5,B,AA,4,1,4,5,5,6,6,6,5,4,5,6,6,5,3,1,AF,1,1,2,1,1,0,2,0,0,0,0,0,0,1,0,0,2,18,Arrived late to the study,Jillian,1/22/19,Phillip,
437,1/17/19,12:30,Jillian,F,A,AA,4,A,1,3,5,4,6,5,4,2,2,2,3,3,4, ,B,AF,4,1,5,7,5,4,5,5,7,7,7,6,6,5,2,2,AF,7,1,2,1,1,0,2,0,0,0,0,0,0,0,1,White European,2,0.333,Wanted me to know he was new to America,Jillian,1/22/19,Phillip,
438,1/18/19,11:30,Phillip,F,C,AA,4,A,1,5,7,4,4,4,6,6,1,1,4,4,5,3,B,AF,2,1,5,6,5,5,6,5,6,3,7,4,5,5,3,2,AF,2,1,1,1,2,0,2,0,0,0,0,0,0,1,0,0,1,19,,Jillian,1/22/19,Phillip,
439,1/18/19,12:30,Phillip,F,C,AA,3,B,1,5,6,5,6,7,5,7,4,3,5,5,3,5,A,AF,4,1,7,6,7,6,7,7,6,6,5,5,5,3,5,2,AF,2,1,1,1,2,0,2,0,0,0,0,0,0,1,0,0,1,18,,Jillian,1/23/19,Phillip,
440,1/18/19,12:30,Phillip,E,C,AF,4,A,1,5,6,5,5,7,7,7,7,7,5,6,4,4,B,AA,1,1,5,6,5,5,7,6,5,3,3,5,5,4,4,1,AF,1,1,2,1,2,0,2,0,0,0,0,0,0,1,0,0,1,19,,Jillian,1/23/19,Phillip,
441,1/18/19,12:20,Phillip,D,S,AF,2,A,1,6,7,7,6,7,6,6,4,6,6,6,5,3,B,AA,4,1,6,6,7,6,7,7,3,3,2,5,5,6,2,1,AF,1,1,2,1,2,0,2,0,0,0,0,0,0,1,0,0,1,18,,Jillian,1/23/19,Phillip,
442,1/18/19,2:00,Jillian,F,A,AF,2,A,1,5,5,7,6,5,6,7,7,7,4,5,5,3,B,AA,3,1,5,5,6,6,5,6,5,4,4,4,4,4,4,1,AF,1,1,2,1,1,0,2,0,0,0,0,0,0,1,0,0,1,18,,Jillian,1/23/19,Phillip,
443,1/22/19,11:30,Jillian,F,S,AF,2,B,1,6,7,6,6,6,5,7,7,7,4,4,5,3,A,AA,3,1,6,7,7,7,7,7,6,3,2,4,4,4,4,2,AA,1,1,2,1,1,0,2,0,0,0,0,0,0,1,0,0,1,18,Incorrect number was fixed after the survey was taken,Jillian,1/23/19,Phillip,
444,1/24/19,11:30,Jillian,F,A,AF,4,A,1,4,4,3,5,7,6,2,2,3,2,2,2,2,B,AA,1,1,4,5,5,5,7,6,3,3,2,4,3,3,3,1,AF,7,1,2,1,2,0,2,0,0,0,0,0,0,1,0,0,1,18,Was interuppted during debriefing questions,Jillian,2/1/19,Phillip,
445,1/24/19,11:30,Jillian,E,S,AF,2,B,1,6,7,6,6,6,6,6,6,6,4,4,4,4,A,AA,1,1,7,6,6,6,6,6,5,5,5,4,4,4,4,0,,1,1,2,1,2,0,2,0,0,0,0,0,0,1,1,Basque/Spanish,1,18,,Jillian,2/1/19,Phillip,
446,12/24/19,11:30,Jillian,D,C,AF,4,A,1,5,7,7,7,7,7,7,6,7,5,4,6,3,B,AA,1,1,7,7,7,7,7,7,6,5,6,6,6,5,3,2,AA,1,1,2,2,1,0,2,0,0,0,0,0,0,1,0,0,1,18,,Jillian,2/1/19,Phillip,
447,1/24/19,12:00,Jillian,F,S,AF,4,B,1,5,6,5,5,7,4,7,7,7,4,3,3,3,A,AA,3,1,5,6,6,6,7,7,4,4,4,4,3,3,3,2,AA,1,1,2,1,2,0,2,0,0,0,0,0,1,0,0,0,2,10,,Jillian,2/1/19,Phillip,
448,1/25/19,11:30,Phillip,F,S,AA,2,B,1,6,7,6,6,6,6,7,5,5,4,4,4,4,B,AA,2,1,6,7,6,6,6,6,7,5,5,4,4,4,4,1,AA,2,1,2,1,2,0,2,0,0,0,0,0,0,1,0,0,1,19,Packet had resume AA2B twice,Jillian,2/1/19,Phillip,Incorrect packet. Had AA2B twice.; ERROR DISCARD: for getting 2 Asain name resumes DO NOT INCLUDE
449,1/25/19,11:30,Phillip,E,A,AF,1,A,1,3,5,3,2,5,3,2,7,7,6,6,5,3,B,AA,2,1,4,6,5,5,5,6,6,7,7,6,6,4,3,2,AA,1,1,2,1,1,0,2,0,0,0,0,0,0,1,0,0,1,19,,Jillian,2/1/19,Phillip,
450,1/25/19,1:30,Jillian,F,A,AF,1,A,1,4,6,5,4,6,5,3,5,6,6,,3,5,A,AA,4,1,6,5,5,5,6,5,3,2,2,4,5,6,3,1,AF,1,1,2,1,2,0,2,0,0,0,0,0,0,1,0,0,1,18,,Jillian,2/1/19,Phillip,"Incorrect packet. Both resumes were version A; ERROR: both resumes same, checking debrief to see if participant noticed; p. did not notice"
451,1/25/19,1:30,Jillian,E,C,AF,1,A,1,5,7,7,7,6,6,7,7,7,5,6,2,5,B,AA,3,1,6,7,7,7,6,7,7,5,6,6,6,5,2,2,AA,1,1,2,1,2,0,2,0,0,0,0,0,0,1,0,0,1,19,,Jillian,2/1/19,Phillip,
452,1/25/19,2:00,Jillian,F,S,AA,3,A,1,7,7,7,7,7,7,6,4,4,5,7,4,4,B,AF,2,1,7,7,7,7,7,7,7,7,7,5,7,4,4,1,AA,2,1,1,1,2,0,2,0,0,0,0,0,0,1,0,0,1,20,,Henry,2/6/19,Phillip,
453,1/25/19,2:00,Jillian,E,S,AA,3,B,1,5,5,5,4,5,4,4,3,7,4,4,5,2,A,AF,2,1,5,5,5,6,5,5,7,7,7,6,6,5,2,2,AF,2,1,1,1,2,0,2,0,0,0,0,0,0,1,0,0,1,18,,Henry,2/6/19,Phillip,
454,1/29/19,12:00,Jillian,F,C,AA,3,B,1,6,7,6,6,6,6,6,6,6,5,5,4,4,A,AF,2,1,6,7,6,6,6,6,6,5,5,5,5,4,4,1,AF,2,1,1,1,2,0,2,0,0,0,0,0,0,1,0,0,1,20,,Henry,2/6/19,Phillip,Incorrect packet. Both resumes are wrong. Packet instead matches resumes for 453; Randomization ERROR (counterbalancing)
455,1/30/19,1:00,Jillian,F,C,AA,3,B,1,4,5,4,5,5,4,6,6,6,5,5,5,4,A,AF,2,1,5,6,5,5,5,5,5,4,4,5,5,5,3,1,AF,2,1,1,1,1,0,1,0,0,0,0,0,0,1,0,0,1,18,,Henry,2/6/19,Phillip,"Incorrect packet. Both resumes are wrong. Packets instead matches resumes for 453; Randomization errors (counterbalancing, wrong names selected)"
456,1/30/19,1:30,Jillian,F,A,AA,2,A,1,5,6,5,6,6,6,5,4,4,6,6,4,4,B,AF,2,1,5,6,7,6,6,7,5,5,5,6,6,4,4,2,AF,2,1,1,1,2,0,2,0,0,0,0,0,0,1,0,0,1,18,,Henry,2/6/19,Phillip,
457,1/30/19,3:00,Phillip,F,S,AA,2,A,1,6,7,6,6,7,5,4,3,3,6,6,3,3,B,AF,4,1,7,7,6,6,7,5,5,5,5,6,6,3,3,2,AF,2,1,1,1,2,0,2,0,0,0,0,0,0,1,0,0,1,20,,Henry,2/6/19,Phillip,
458,1/31/19,11:30,Jillian,F,A,AA,3,A,1,4,7,5,5,7,7,5,4,4,5,5,3,5,B,AF,2,1,4,7,5,5,7,7,5,5,4,5,5,3,5,2,AF,2,1,1,1,2,0,2,0,0,0,0,0,0,1,0,0,1,19,,Henry,2/6/19,Phillip,
459,2/1/19,11:30,Phillip,F,C,AA,2,B,1,5,6,6,5,5,6,7,2,3,5,5,4,4,A,AF,1,1,4,5,4,5,6,4,7,4,7,4,4,6,3,1,AA,2,1,1,1,1,0,2,0,0,0,0,0,0,1,0,0,1,18,,Henry,2/6/19,Phillip,
460,2/1/19,1:30,Jillian,F,C,AA,1,A,1,6,7,7,6,6,6,5,4,4,4,5,4,4,B,AF,2,1,6,7,6,6,6,,5,5,5,4,4,4,4,1,AA,2,2,1,1,2,0,2,0,0,0,0,0,0,1,0,0,1,19,,Henry,2/6/19,Phillip,
461,2/13/19,12:30,Jillian,F,A,AF,2,A,1,4,7,6,6,7,6,6,7,7,4,4,6,2,B,AA,1,1,4,7,6,6,7,6,6,6,6,4,4,5,3,2,AA,1,1,2,2,2,0,2,0,0,0,0,0,1,0,0,0,2,8,,Katie,3/14/19,Phillip,
462,2/13/19,1:30,Jillian,F,A,AF,4,B,1,3,4,3,5,6,6,5,6,6,5,5,5,3,A,AA,1,1,3,4,4,5,6,6,4,3,3,5,5,3,4,2,AA,1,1,2,2,2,0,2,0,0,0,0,0,0,1,0,0,1,,,Katie,3/14/19,Phillip,
463,2/13/19,1:30,Jillian,E,A,AA,3,A,1,3,4,2,3,5,5,2,1,2,4,4,5,2,B,AF,3,1,5,5,6,6,4,5,7,7,7,4,4,5,2,2,AF,2,1,1,1,1,0,2,0,0,0,0,0,0,1,0,0,1,18,,Katie,3/14/19,Phillip,
464,2/15/19,11:30,Phillip,E,C,AA,3,A,1,5,7,5,6,6,5,5,4,4,4,4,4,4,B,AF,3,1,5,7,6,5,5,5,6,5,5,4,4,4,4,1,AA,2,1,1,1,2,0,2,0,0,0,0,0,0,1,0,0,1,21,,Katie,3/14/19,Phillip,"Incorrect Packet. Both resumes wrong- Did not match logsheet.; Randomization errors (counterbalancing, wrong names selected)"
465,2/19/19,11:30,Jillian,F,A,AF,2,B,1,6,7,5,5,7,7,5,5,7,5,4,5,1,A,AA,1,1,4,4,5,4,7,7,3,2,2,3,6,7,1,1,AF,1,1,2,1,2,0,2,0,0,0,0,0,0,1,0,0,1,18,,Katie,3/14/19,Phillip,
466,2/20/19,12:30,Jillian,F,C,AF,4,B,1,5,6,7,6,5,6,7,7,7,5,5,5,3,A,AA,3,1,4,6,5,5,4,5,6,3,2,5,5,5,3,1,AF,7,1,2,1,1,0,2,0,0,0,0,0,0,1,0,0,2,1,,Katie,3/14/19,Phillip,P showed up late and then was waiting a while
467,2/27/19,3:00,Phillip,F,S,AF,2,B,1,5,7,6,6,6,7,7,6,6,4,5,6,4,A,AA,1,1,4,6,5,5,5,4,3,3,2,5,6,6,3,1,AF,1,1,2,1,2,0,2,0,0,0,0,0,0,1,0,0,1,18,,Jillian,3/14/19,Phillip,
468,2/20/19,1:30,Jillian,F,A,AF,1,B,1,5,6,4,5,6,4,5,5,5,4,4,4,2,A,AA,3,1,5,6,5,4,6,5,5,3,4,5,4,4,3,1,AF,1,1,2,1,2,0,2,0,0,0,0,0,0,1,0,0,1,20,,Jillian,3/14/19,Phillip,
469,2/20/19,1:30,Jillian,F,S,AA,1,B,1,6,7,6,6,6,4,4,4,4,5,4,4,4,A,AF,2,1,6,7,6,6,6,6,5,5,5,4,4,4,4,1,AA,2,1,1,1,2,0,2,0,0,1,0,0,0,1,0,0,1,18,,Jillian,3/14/19,Phillip,
470,2/20/19,3:30,Phillip,F,C,AF,1,A,1,5,7,4,4,4,5,6,6,6,5,4,4,4,B,AA,2,1,5,7,5,5,5,5,4,3,4,4,4,4,4,2,AA,7,1,2,1,1,0,2,0,0,0,0,0,0,1,0,0,2,2,,Jillian,3/14/19,Phillip,
471,2/22/19,11:30,Phillip,F,A,AF,2,B,1,5,6,5,5,7,6,5,5,5,4,4,3,4,A,AA,2,1,5,6,5,5,7,6,4,3,3,4,4,4,3,1,AF,1,1,2,2,2,0,2,0,0,0,0,0,0,1,0,0,1,18,,Jillian,3/14/19,Phillip,
472,2/22/19,11:30,Phillip,E,C,AA,3,B,1,5,7,6,6,6,5,6,4,5,5,,3,5,A,AF,1,1,6,7,6,6,6,5,6,6,6,5,5,4,4,2,AF,2,1,1,1,2,0,2,0,0,1,0,0,0,1,0,0,1,19,,Jillian,3/14/19,Phillip,
473,2/22/19,11:30,Phillip,D,A,AF,4,A,1,7,7,4,5,6,6,6,6,5,4,6,3,5,B,AA,2,1,5,7,5,6,7,6,3,3,3,4,4,6,3,1,AF,7,1,2,2,2,0,2,0,0,0,0,0,0,1,0,0,1,18,,Phillip,3/15/19,Jillian,Sibl coversheet stapled to the back of the packet
474,2/22/19,1:30,Jillian,F,A,AA,4,A,1,5,5,4,3,6,6,3,2,2,6,5,4,4,B,AF,3,1,7,7,6,6,6,5,7,7,7,6,5,4,4,2,AF,2,1,1,1,1,0,2,0,0,0,0,0,1,0,0,0,2,7,,Phillip,3/15/19,Jillian,
475,2/22/19,2:00,Jillian,F,S,AF,4,A,1,7,7,7,7,7,7,7,7,7,6,6,6,3,B,AA,1,1,7,7,7,7,7,7,4,4,3,6,6,4,4,1,AF,1,1,2,1,2,0,2,0,0,0,0,0,0,1,0,0,1,18,,Phillip,3/15/19,Jillian ,Changed res1_q10-q12
476,2/27/18,3:00,Phillip,E,C,AA,1,B,1,4,7,7,6,6,6,6,4,6,4,4,4,4,A,AF,1,1,4,7,7,5,6,5,6,4,6,4,4,4,4,1,AA,2,1,1,1,1,0,2,0,0,0,0,0,0,1,0,0,1,19,,Phillip,3/15/19,Jillian ,
477,3/1/19,11:30,Phillip,F,A,AF,3,B,1,5,6,6,6,6,6,6,6,6,6,6,6,3,A,AA,1,1,5,6,7,7,6,6,6,6,7,5,5,4,4,1,AF,1,1,2,1,1,0,2,0,0,0,0,0,0,1,0,0,1,21,,Phillip,3/15/19,Jillian ,
478,3/1/19,1:30,Jillian,F,C,AF,2,A,1,5,7,7,7,6,6,7,7,7,5,5,6,3,B,AA,1,1,6,7,7,6,6,6,5,5,5,6,5,4,4,1,AF,1,1,2,1,2,0,2,0,0,0,0,0,0,1,0,0,1,19,,Phillip,3/15/19,Jillian ,
479,3/1/19,1:30,Jillian,E,A,AF,1,B,1,5,5,4,6,7,7,3,5,5,4,5,4,4,A,AA,4,1,5,4,4,5,5,5,4,4,5,4,5,4,4,1,AF,1,1,2,1,2,0,2,0,0,0,0,0,0,1,0,0,1,18,,Phillip,3/15/19,Jillian ,
480,3/1/19,1:30,Jillian,D,C,AA,3,B,1,6,7,5,5,7,6,4,3,3,5,5,5,3,A,AF,4,1,5,7,5,6,7,7,5,5,6,5,5,6,3,1,AA,2,1,7,1,2,0,2,0,0,0,0,0,0,1,0,0,1,19,,Phillip,3/15/19,Jillian ,
481,3/1/19,1:30,Jillian,C,C,AF,1,A,1,6,6,6,4,7,6,6,6,4,4,6,2,6,B,AA,4,1,6,6,6,5,5,5,3,1,4,4,4,1,6,1,AF,7,1,2,2,2,0,2,0,0,0,0,0,0,1,0,0,1,,,Phillip,3/15/19,Jillian ,
482,3/1/19,1:30,Jillian,K,C,AA,2,B,1,6,7,6,6,7,6,5,5,5,6,5,5,3,A,AF,4,1,6,7,6,6,7,6,6,6,6,6,5,6,2,,,2,1,1,1,1,0,2,0,0,0,0,0,0,1,0,0,1,18,,Phillip,3/15/19,Jillian ,
483,3/4/19,10:30,Jillian,F,S,AA,3,B,1,5,6,6,6,7,6,6,5,6,4,4,4,4,A,AF,2,1,5,6,5,5,6,6,6,5,6,4,4,4,4,1,AA,2,1,,1,2,0,2,0,0,0,0,0,0,1,0,0,2,4.5,,Phillip,3/15/19,Jillian ,
484,3/4/19,2:00,Jillian,F,S,AA,2,B,,5,6,5,5,5,4,5,3,4,4,3,3,5,A,AF,1,,5,7,4,5,5,5,7,6,6,5,4,4,5,2,AF,2,1,1,1,1,0,2,0,0,0,0,0,0,1,0,0,1,28,,Phillip,3/15/19,Jillian ,
485,3/5/19,11:30,Jillian,F,S,AA,2,A,1,7,7,6,6,7,6,7,5,2,5,5,7,4,B,AF,3,1,6,7,6,7,5,6,7,7,7,6,6,6,5,1,AA,2,1,1,1,2,0,2,0,0,0,0,0,0,1,0,0,1,18,,Phillip,3/15/19,Jillian ,
486,3/5/19,12:00,Jillian,F,A,AA,3,A,1,1,2,1,2,6,6,3,3,1,3,3,3,3,B,AF,4,1,2,2,2,3,7,7,5,4,4,3,3,3,3,2,AF,2,1,7,1,2,0,2,0,0,0,0,0,0,1,0,0,2,1,,Phillip,3/15/19,Jillian ,
487,3/5/19,12:30,Jillian,F,C,AA,3,B,1,7,7,6,6,5,5,5,5,5,5,5,5,5,A,AF,3,1,7,7,7,6,6,5,6,6,6,5,5,5,5,2,AF,2,1,1,1,2,0,2,0,0,0,0,0,1,0,0,0,1,19,,Phillip,3/15/19,Jillian ,
488,3/6/19,12:30,Jillian,F,A,AF,1,B,1,6,6,6,6,6,6,6,6,6,4,4,5,2,A,AA,3,1,6,6,6,6,6,6,4,4,4,4,4,5,2,1,AF,1,1,2,1,2,0,2,0,0,0,0,0,1,0,0,0,1,17,,Phillip,3/15/19,Jillian ,
489,3/6/19,1:30,Jillian,F,A,AF,2,A,1,4,4,5,5,4,6,6,6,7,6,6,4,4,B,AA,3,1,5,5,5,4,5,6,5,5,4,4,5,4,4,1,AF,1,1,2,1,2,0,2,0,0,0,0,0,0,1,0,0,1,18,,Phillip,3/15/19,Jillian ,
490,3/7/19,12:30,Jillian,F,C,AA,1,A,1,5,5,4,5,6,5,7,6,6,5,5,4,5,B,AF,2,1,5,6,6,6,6,5,7,7,7,5,5,6,3,2,AF,2,1,1,1,2,0,2,0,0,0,0,0,0,1,0,0,1,19,,Phillip,3/15/19,Jillian ,
491,3/11/19,1:00,Jillian,F,C,AA,4,A,1,7,7,7,7,7,7,5,4,3,7,7,6,2,B,AF,4,1,7,7,7,7,7,7,7,7,7,7,7,7,2,2,AF,2,1,1,1,2,0,2,0,0,0,0,0,0,1,0,0,1,20,,Phillip,3/15/19,Jillian ,
492,3/11/19,1:30,Jillian,F,A,AF,4,A,1,5,7,6,6,7,7,6,6,5,5,5,5,4,B,AA,2,1,4,7,6,6,7,7,6,5,4,6,6,5,4,1,AF,1,1,2,2,2,0,2,0,0,0,0,0,0,1,0,0,1,18,,Phillip,3/15/19,Jillian ,
493,3/11/19,2:00,Jillian,F,C,AA,1,A,1,6,6,6,6,6,6,4,3,3,4,5,4,4,B,AF,2,1,6,6,6,6,6,6,6,6,6,4,5,5,4,1,AA,2,1,1,1,1,0,2,0,0,0,0,0,0,1,0,0,1,19,,Phillip,3/15/19,Jillian ,
494,3/11/19,4:00,Phillip,F,A,AF,4,B,1,4,4,4,3,5,5,5,5,5,3,5,4,2,A,AA,2,1,3,3,,2,5,5,4,3,3,5,5,5,2,1,AF,1,1,2,1,2,0,2,0,0,0,0,0,0,1,1,Armenian American,2,17.5,,Phillip,3/15/19,Jillian ,
495,3/11/19,5:30,Phillip,F,C,AA,2,B,1,7,7,7,7,7,7,7,3,3,4,4,4,4,A,AF,1,1,7,7,7,7,7,7,7,6,6,5,5,6,2,2,AF,2,1,1,1,2,0,2,0,0,0,0,0,0,1,0,0,1,21,,Phillip,3/15/19,Jillian ,
496,3/11/19,5:30,Phillip,F,C,AA,3,B,1,7,6,7,4,4,6,5,4,6,6,6,6,6,A,AF,3,1,5,4,4,6,5,4,5,5,5,5,6,6,6,1,AA,2,1,1,1,1,0,2,0,0,0,0,0,0,1,0,0,2,7,,Phillip,3/15/19,Jillian ,
497,3/13/19,1:30,Jillian,F,S,AA,3,B,,5,6,5,5,5,5,5,5,6,4,4,5,3,A,AF,4,,5,6,6,6,5,5,6,6,7,4,4,6,2,2,AF,2,1,1,1,1,0,2,0,0,0,0,0,0,1,0,0,1,19,,Phillip,3/15/19,Jillian ,
498,3/13/19,1:30,Jillian,E,C,AA,2,B,1,7,7,7,7,7,7,6,4,4,6,6,6,2,A,AF,1,1,7,7,7,7,7,7,7,7,7,7,7,7,1,2,AF,2,1,1,1,1,0,2,0,0,0,0,0,0,1,0,0,1,,,Phillip,3/15/19,Jillian ,
499,3/13/19,1:30,Jillian,D,S,AF,2,A,1,6,7,6,6,6,6,6,6,5,6,6,4,4,B,Aa,1,,6,7,6,6,6,6,6,6,4,6,6,4,4,2,AA,1,1,2,2,2,0,2,0,0,0,0,0,0,1,0,0,1,19,,Phillip,3/15/19,Jillian ,
500,3/13/19,3:00,Phillip,F,A,AF,4,A,1,5,7,6,5,6,6,7,6,6,6,5,,3,B,AA,1,1,3,5,7,7,6,6,5,4,3,4,5,5,3,1,AF,1,1,2,3,1,0,2,0,0,0,0,0,0,1,0,0,1,19,,Phillip,3/15/19,Jillian ,
501,3/13/19,3:00,Phillip,E,C,AF,1,A,1,4,3,4,5,6,5,5,5,5,4,4,4,4,B,AA,2,1,6,6,6,7,7,6,5,3,3,4,4,4,4,2,AA,1,1,2,1,1,0,2,0,0,0,0,0,0,1,0,0,1,14,,Phillip,3/15/19,Jillian ,Changed p_uslength from 19 to 14
502,3/14/19,9:05,Katie,F,C,AF,4,B,1,7,7,7,7,7,7,7,6,6,6,5,5,4,A,AA,4,1,7,7,7,7,7,7,6,6,5,6,5,4,4,1,AF,1,1,2,1,2,0,2,0,0,0,0,0,0,1,0,0,1,19,,Phillip,3/15/19,Jillian ,
503,3/14/19,11:30,Jillian,F,C,AF,2,A,1,7,7,7,7,6,6,7,6,6,5,5,5,3,B,AA,1,1,7,7,7,7,6,6,7,6,5,5,6,5,3,2,AA,1,1,2,1,1,0,2,0,0,0,0,0,0,1,0,0,1,19,,Phillip,3/15/19,Jillian ,
504,3/14/19,1:00,Phillip,F,S,AF,4,B,1,6,6,7,6,6,6,4,4,5,4,4,4,4,A,AA,1,1,6,6,7,6,6,6,5,3,4,4,4,4,4,1,AF,1,1,2,1,1,0,2,0,0,0,0,0,0,1,0,0,1,19,,Phillip,3/15/19,Jillian ,
505,4/9/19,10:30,Jillian,F,S,AA,1,A,1,6,7,7,6,5,6,5,4,3,6,6,5,2,B,AF,3,,6,7,6,6,5,6,6,6,6,6,5,6,2,2,AF,2,2,1,1,2,0,2,0,0,0,0,0,0,1,0,0,1,18,,Jillian,4/9/19,Julia ,
506,4/9/19,10:30,Jillian,E,A,AF,3,B,1,4,6,4,4,6,6,3,3,4,4,4,4,4,A,AA,3,,4,6,4,4,6,6,3,3,3,4,4,4,4,1,AF,1,1,2,1,2,0,2,0,0,0,0,0,0,1,0,0,1,18,,Jillian,4/9/19,Julia ,
507,4/9/19,11:00,Jillian,F,A,AA,1,A,1,6,7,6,6,7,6,7,7,4,7,7,4,4,B,AF,1,1,6,7,6,6,7,6,7,7,7,7,7,5,3,2,AF,2,1,1,1,1,0,2,0,0,0,0,0,0,1,0,0,2,17,,Jillian,4/9/19,Julia ,
508,4/9/19,12:00,Jillian ,F,A,AF,2,B,1,7,7,7,7,7,7,6,7,6,6,6,6,6,A,AA,3,1,7,7,7,7,7,7,6,6,7,6,6,6,6,1,AF,1,1,2,1,2,0,2,0,0,0,0,0,0,1,0,0,1,20,,Jillian,4/10/19,Julia ,
509,4/9/19,12:00,Jillian,E,C,AA,1,B,1,6,7,7,6,,6,7,5,5,5,7,6,5,A,AF,1,1,6,7,7,7,7,7,7,7,7,7,7,7,3,2,AF,2,1,1,1,2,0,2,0,0,0,0,0,0,1,0,0,1,22,P. was late,Jillian,4/10/19,Julia ,
510,4/10/19,11:30,Katie,F,A,AF,3,B,1,1,2,1,2,6,6,4,4,4,4,4,4,4,A,AA,3,,1,2,1,1,6,6,4,3,2,4,4,4,4,1,AF,1,1,2,1,2,0,2,0,0,0,0,0,0,1,0,0,1,18,,Jillian,4/10/19,Julia ,
511,4/10/19,12:00,Katie,E,A,AF,3,A,1,6,7,7,7,6,6,6,7,7,6,6,6,2,B,AA,4,1,5,7,6,7,7,7,5,5,5,6,6,4,4,1,AF,1,1,2,1,1,0,2,0,0,0,0,0,0,1,0,0,1,17,,Jillian,4/10/19,Julia ,
512,4/10/19,12:00,Katie,D,A,AF,1,B,1,6,7,6,6,6,6,6,6,6,6,6,6,2,A,AA,4,1,5,6,5,5,5,5,4,4,4,5,5,5,3,1,AF,1,1,2,2,2,0,2,0,0,0,0,0,0,1,0,0,1,20,,Jillian,4/10/19,Julia ,
513,4/10/19,1:30,Jillian,F,C,AA,2,B,1,5,6,7,,7,7,5,3,3,4,4,4,4,A,AF,1,1,6,7,6,6,7,6,5,5,5,4,4,4,4,2,AF,2,1,7,1,2,0,2,0,0,0,0,0,0,1,0,0,1,18,,Jillian,4/10/19,Julia ,
514,4/10/19,1:30,Jillian,E,C,AF,3,A,1,7,7,6,6,6,7,6,4,6,4,4,4,4,B,AA,1,1,6,6,7,6,7,6,5,5,4,4,4,4,4,1,AF,1,1,2,1,2,0,2,0,0,0,0,0,0,1,0,0,1,22,,Jillian,4/10/19,Julia ,
515,4/10/19,2:00,Jillian,F,S,AA,4,A,1,5,6,5,5,6,6,4,4,5,4,4,4,4,B,AF,3,1,6,7,6,6,6,6,5,5,7,4,4,4,4,2,AF,2,1,1,1,2,0,2,0,0,1,0,0,0,1,0,0,1,18,,Jillian,4/10/19,Julia ,
516,4/11/19,10:30,Jillian,F,S,AF,1,A,1,1,1,3,3,2,3,,6,6,3.5,3.5,3.5,3.5,B,AA,4,1,3,3,3,3,3,3,4,1,3,3.5,3.5,3.5,3.5,2,AA,1,1,2,1,2,0,2,0,0,0,0,0,0,1,0,0,2,4,,Julia ,4/12/19,Jillian,
517,4/11/19,10:30,Jillian,E,S,AF,1,B,1,6,7,6,6,6,7,6,7,7,6,6,5,3,A,AA,2,1,6,7,6,6,6,6,4,3,3,5,5,4,4,1,AF,1,1,2,2,1,0,2,0,0,0,0,0,0,1,0,0,1,21,,Jillian,4/15/19,Rika,
518,4/11/19,10:30,Jillian,D,S,AF,4,A,,5,7,5,5,6,6,6,5,5,6,5,4,4,B,AA,3,,5,7,6,6,6,6,6,4,4,6,5,4,4,2,AA,1,1,2,1,1,0,2,0,0,0,0,0,0,1,0,0,1,19,,Jillian,4/15/19,Rika,
519,4/11/19,11:00,Jillian,F,C,AF,2,A,1,6,7,6,6,7,7,7,7,7,6,6,4,4,B,AA,2,1,6,7,7,7,7,7,6,5,5,7,7,4,4,1,AF,1,2,2,1,2,0,2,0,0,0,0,0,0,1,0,0,1,19,,Jillian,4/15/19,Julia ,
520,4/11/19,11:30,Jillian,F,C,AA,4,A,1,5,6,5,5,6,4,3,4,3,3,4,5,3,B,AF,2,1,4,6,5,3,5,4,7,7,7,6,5,7,2,2,AF,2,2,1,1,1,0,2,0,0,0,0,0,1,0,0,0,2,13,P. was in a hurry. No debrief Qs.,Jillian,4/15/19,Julia ,
521,4/11/19,11:30,Jillian,E,A,AF,1,A,1,6,7,5,5,7,7,6,5,5,4,4,4,3,B,AA,3,1,4,7,6,6,7,7,5,4,4,4,4,4,3,1,AF,1,1,2,1,2,0,2,0,0,0,0,0,0,1,0,0,1,19,P. seemed to know P. 522,Jillian,4/15/19,Julia ,
522,4/11/19,11:30,Jillian,D,A,AF,2,A,1,3,4,3,3,5,5,4,5,6,5,4,5,3,B,AA,1,1,4,4,5,5,5,5,4,3,2,4,4,5,3,2,AA,1,1,2,2,2,0,2,0,0,0,0,0,0,1,0,0,1,18,P. seemed to know P. 521,Jillian,4/15/19,Julia ,
523,4/11/19,12:00,Jillian,F,A,AF,4,A,1,,,,,,,,,,,,,,B,AA,3,,,,,,,,,,,,,,,,,,,,,,,,,,,,,,,,,,,P. did not want to continue with the study,Jillian,4/15/19,Julia ,
524,4/16/19,10:30,Jillian,F,C,AA,4,A,,5,4,5,,7,5,5,5,5,5,5,5,3,B,AF,4,,6,5,5,7,7,5,6,6,6,6,6,6,2,2,AF,2,1,1,1,2,0,2,0,0,0,0,0,0,1,0,0,1,19,,Jillian,4/16/19,Ahmed,
525,4/16/19,10:30,Jilian,E,A,AF,3,A,1,4,4,5,5,6,5,6,5,5,4,4,4,4,B,AA,4,1,5,5,5,5,5,5,4,4,4,5,5,4,4,2,AA,1,1,2,2,1,0,2,0,0,0,0,0,0,1,0,0,1,18,,Jillian,4/16/19,Ahmed,
526,4/16/19,11:30,Jilian,F,A,AA,1,B,1,4,7,6,7,7,7,7,3,2,7,7,7,1,A,AF,3,1,7,7,7,7,7,7,7,7,7,7,7,4,4,2,AF,2,1,1,1,2,0,2,0,0,0,0,0,0,1,0,0,1,19,,Jillian,4/16/19,Ahmed,
527,4/16/19,11:30,Jillian,E,A,AF,1,A,1,5,7,5,5,4,4,6,6,6,4,5,3,5,B,AA,4,1,4,5,3,3,5,4,3,3,3,4,4,4,4,1,AF,1,1,2,1,1,0,2,0,0,0,0,0,0,1,0,0,1,21,,Jillian,4/16/19,Ahmed,
528,4/16/19,12:00,Jillian,F,C,AF,1,B,1,5,7,7,7,6,7,7,7,7,5,5,6,2,A,AA,2,1,5,7,7,7,6,7,7,5,4,6,5,5,3,2,AA,1,1,2,1,2,0,2,0,0,0,0,0,0,1,0,0,1,18,"P. arrived very late, n debriefing Qs",Jillian,4/17/19,Ahmed,
529,4/17/19,10:30,Katie,F,C,AF,4,B,1,6,7,7,6,6,6,5,4,4,5,5,5,2,A,AA,2,1,7,7,7,7,7,7,3,3,3,5,6,5,3,2,AA,1,1,2,1,1,0,2,0,0,0,0,0,0,1,0,0,1,21,,Jillian,4/17/19,Ahmed,
530,4/17/19,10:30,Katie,E,C,AA,2,A,1,7,7,7,7,7,7,7,5,4,6,6,4,4,B,AF,4,1,7,7,7,7,7,7,7,7,7,6,6,5,3,2,AF,2,1,1,1,2,0,2,0,0,0,0,0,0,1,0,0,1,19,,Jillian,4/17/19,Ahmed,
531,4/17/19,11:00,Katie,F,A,AA,4,B,1,5,6,5,7,6,7,6,4,4,4,5,4,4,A,AF,1,1,5,6,5,6,7,7,6,6,6,4,4,4,4,1,AA,2,1,1,1,2,0,2,0,0,0,0,0,0,1,0,0,1,18,,Jillian,4/18/19,Ahmed,
532,4/17/19,11:30,Katie,F,C,AA,3,A,1,4,6,4,5,6,5,6,4,4,5,4,3,5,B,AF,1,1,5,6,5,5,6,5,7,6,7,5,5,5,3,2,AF,2,1,1,1,1,0,2,0,0,0,0,0,0,1,0,0,1,20,,Jillian,4/18/19,Ahmed,
533,4/17/19,1:30,Jillian,F,C,AF,2,A,1,5,6,6,6,5,5,6,5,5,6,5,6,4,B,AA,2,1,6,7,6,6,6,6,6,4,4,5,5,4,5,2,AA,1,1,2,2,2,0,2,0,0,0,0,0,0,1,0,0,1,18,,Jillian,4/18/19,Ahmed,
534,4/17/19,2:30,Jillian,F,S,AA,1,B,1,6,6,7,7,7,7,5,5,6,7,6,3,5,A,AF,4,1,6,6,6,6,7,7,7,7,7,7,7,5,3,2,AF,2,1,1,1,2,0,2,0,0,0,0,0,0,1,0,0,1,20,,Jillian,4/18/19,Ahmed,
535,4/17/19,2:30,Jillian,F,S,AF,2,A,1,6,7,6,6,7,6,7,5,5,5,6,4,4,B,AA,3,1,6,7,7,6,7,6,7,5,5,5,6,5,5,2,AA,1,1,2,1,2,0,2,0,0,0,0,0,0,1,0,0,1,19,,Jillian,4/18/19,Ahmed,
536,4/17/19,3:00,Jillian,F,A,AA,1,A,1,3,3,3,4,5,5,3,3,3,4,5,4,4,B,AF,3,1,4,5,4,4,4,4,4,7,7,4,4,5,2,2,AF,2,1,1,1,2,0,2,0,0,0,0,0,0,1,0,0,1,18,,Jillian,4/18/19,Ahmed,
537,4/18/19,10:30,Jillian,F,C,AF,4,A,1,7,6,6,6,7,7,7,7,6,6,5,6,4,B,AA,3,1,7,7,6,6,7,6,6,6,5,5,5,5,4,2,AA,1,1,2,1,2,0,2,0,0,0,0,0,0,1,0,0,1,19,,Jillian,4/18/19,Ahmed,
538,4/18/19,10:30,Jillian,E,S,AF,1,B,1,6,7,6,6,6,6,7,4,5,5,4,5,4,A,AA,4,1,6,7,7,6,6,6,6,5,4,6,6,5,3,2,AA,1,1,2,1,2,0,2,0,0,0,0,0,0,1,0,0,1,20,P. was very late and flustered because of it. No debriefing Qs.,Jillian,4/18/19,Ahmed,
539,4/18/19,11:00,Jillian,F,A,AA,2,A,1,4,6,7,7,7,7,6,4,4,4,4,4,4,B,AF,2,1,5,7,7,7,7,5,6,5,5,4,4,4,4,2,AF,2,1,1,1,2,0,2,0,0,0,0,0,0,1,0,0,1,20,,Jillian,4/18/19,Ahmed,Incorrect Packet. Randomization error (of name)
540,4/18/19,11:00,Jillian,D,S,AA,4,A,1,6,7,6,6,6,7,7,4,4,4,5,5,3,B,AF,2,1,6,7,6,6,6,7,7,6,6,4,5,5,3,2,AF,2,1,1,1,2,0,2,0,0,0,0,0,1,0,0,0,1,18,,Jillian,4/18/19,Ahmed,
541,4/18/19,11:30,Jillian,F,C,AA,1,A,1,6,7,6,6,7,7,7,6,6,6,6,5,5,B,AF,2,2,6,7,7,6,7,6,7,7,7,6,6,7,2,2,AF,2,1,1,1,2,0,2,0,0,0,0,0,0,1,0,0,1,19,,Jillian,4/18/19,Ahmed,Incorrect Packet. Randomization error (of name)
542,4/18/19,12:00,Jillian,F,A,AA,2,A,1,6,7,6,6,7,7,6,6,6,6,6,6,5,B,AF,4,1,5,6,6,6,7,7,7,7,7,6,6,6,5,1,AA,2,1,1,1,2,0,2,0,0,0,0,0,0,1,0,0,1,19,P. went to the wrong study first,Jillian,4/18/19,Ahmed,Participant changed some answers